-- =====================================================
-- SCRIPT DE CARGA DE PRECIOS UNITARIOS (URBIDE)
-- =====================================================
-- Generado automáticamente desde PRECIOS UNITARIOS.xlsx
-- Total de registros: 1250
-- =====================================================

USE cert_dev;

-- =====================================================
-- PASO 1: Insertar nuevas UNIDADES
-- =====================================================

INSERT INTO tbl_pres_unidades (id, unidad) VALUES
(7, 'H'),     -- Horas
(8, 'MES'),   -- Mes
(9, 'L'),     -- Litros
(10, 'DÍA')   -- Día
ON DUPLICATE KEY UPDATE unidad=VALUES(unidad);

-- =====================================================
-- PASO 2: Insertar nuevos CAPÍTULOS
-- =====================================================

INSERT INTO tbl_pres_capitulos (id, codigo_capitulo, id_naturaleza, capitulo) VALUES
(45, '45', 2, 'Gastos Fijos'),
(46, '46', 3, 'Personal'),
(47, '47', 5, 'Maquinaria'),
(48, '48', 5, 'Material'),
(49, '49', 5, 'Contador'),
(50, '50', 2, 'Precio contradictorio')
ON DUPLICATE KEY UPDATE capitulo=VALUES(capitulo);

-- =====================================================
-- PASO 3: Insertar PRECIOS
-- =====================================================

-- Lote 1 (filas 1 a 100 de 1250)
INSERT INTO tbl_pres_precios (codigo, id_naturaleza, id_unidades, resumen, descripcion, coste, id_capitulo)
VALUES
('10001', 2, 2, 'ALMACÉN/CENTRO TRABAJO MENSUAL', 'ALMACÉN/CENTRO TRABAJO MENSUAL', 588.24, 45),
('10002', 2, 8, 'TELÉFONOS', 'TELÉFONOS', 163.87, 45),
('10003', 2, 8, 'VEHÍCULOS Y DESPLAZAMIENTOS', 'VEHÍCULOS Y DESPLAZAMIENTOS', 3949.58, 45),
('10004', 2, 8, 'MAQUINARIA ASIGNADA AL CONTRATO', 'MAQUINARIA ASIGNADA AL CONTRATO', 2556.11, 45),
('20001', 3, 7, 'JEFE/A DE SERVICIO (GP 4)', 'JEFE/A DE SERVICIO (GP 4)', 30.77, 46),
('20002', 3, 7, 'SUBCAPATAZ (GP 3B)', 'SUBCAPATAZ (GP 3B)', 27.69, 46),
('20003', 3, 7, 'OFICIAL 1ª (GP 2A)', 'OFICIAL 1ª (GP 2A)', 26.13, 46),
('20004', 3, 7, 'OFICIAL 2ª (GP 2B)', 'OFICIAL 2ª (GP 2B)', 21.32, 46),
('20005', 3, 7, 'TÉCNICO MEDIO REDES (GP 3B)', 'TÉCNICO MEDIO REDES (GP 3B)', 26.35, 46),
('20006', 3, 7, 'DELINEANTE (GP 3B)', 'DELINEANTE (GP 3B)', 25.46, 46),
('20007', 3, 7, 'TÉCNICO DETECCIÓN DE FUGAS (GP 3B)', 'TÉCNICO DETECCIÓN DE FUGAS (GP 3B)', 26.35, 46),
('30001', 5, 2, 'CHAPA CUBREZANJA', 'CHAPA CUBREZANJA', 12.61, 47),
('30002', 5, 10, 'DUMPER 3500 Kg RGM GIRATORIO', 'DUMPER 3500 Kg RGM GIRATORIO', 67.23, 47),
('30003', 5, 7, 'MINIEXCAVADORA DE HASTA 6000 kg CON CAZO Y MARTILLO HIDRAULICO', 'MINIEXCAVADORA DE HASTA 6000 kg CON CAZO Y MARTILLO HIDRAULICO', 35.29, 47),
('30004', 5, 7, 'EXCAVADORA DE HASTA 8000 kg CON CAZO Y MARTILLO HIDRAULICO', 'EXCAVADORA DE HASTA 8000 kg CON CAZO Y MARTILLO HIDRAULICO', 38.78, 47),
('30005', 5, 7, 'EXCAVADORA DE MÁS DE 8000 kg CON CAZO Y MARTILLO HIDRAULICO', 'EXCAVADORA DE MÁS DE 8000 kg CON CAZO Y MARTILLO HIDRAULICO', 40.69, 47),
('30006', 5, 7, 'RODILLO COMPACTADOR RANA', 'RODILLO COMPACTADOR RANA', 6.72, 47),
('30007', 5, 7, 'RODILLO LANZA', 'RODILLO LANZA', 12.61, 47),
('30008', 5, 2, 'TRANSPORTE DE MAQUINARIA', 'TRANSPORTE DE MAQUINARIA', 105.04, 47),
('30009', 5, 7, 'INSPECCIÓN REDES SANEAMIENTO MEDIANTE FURGÓN EQUIPADO CON CCTV, TRANSLADO INCLUIDO', 'INSPECCIÓN REDES SANEAMIENTO MEDIANTE FURGÓN EQUIPADO CON CCTV, TRANSLADO INCLUIDO', 126.05, 47),
('30010', 5, 2, 'TRANSPORTE URGENTE DE AGUA POTABLE CON CAMIÓN CISTERNA 14 M3 O SUPERIOR', 'TRANSPORTE URGENTE DE AGUA POTABLE CON CAMIÓN CISTERNA 14 M3 O SUPERIOR', 210.08, 47),
('30011', 5, 7, 'CAMIÓN IMPULSO SUCCIONADOR PARA LIMPIEZA SANEAMIENTOS                           ', 'CAMIÓN IMPULSO SUCCIONADOR PARA LIMPIEZA SANEAMIENTOS                           ', 92.44, 47),
('30012', 5, 4, 'LIMPIEZA Y VACIADO DE FOSAS SÉPTICAS Y EDAR Y TRANSPORTE DE RESIDUOS A PLANTA DE TRATAMIENTO', 'LIMPIEZA Y VACIADO DE FOSAS SÉPTICAS Y EDAR Y TRANSPORTE DE RESIDUOS A PLANTA DE TRATAMIENTO', 43.73, 47),
('30013', 5, 10, 'PAREJA DE SEMÁFOROS Y BATERÍAS', 'PAREJA DE SEMÁFOROS Y BATERÍAS', 46.22, 47),
('30014', 5, 10, 'PERFORADORA HORMIGON DS50 CON CORONA DIAMANTADA HASTA 202 MM', 'PERFORADORA HORMIGON DS50 CON CORONA DIAMANTADA HASTA 202 MM', 46.26, 47),
('40001', 5, 2, 'ABRAZADERA AUTOBLOCANTE PE/PVC Ø110 PN10', 'ABRAZADERA AUTOBLOCANTE PE/PVC Ø110 PN10', 164.91, 48),
('40002', 5, 2, 'ABRAZADERA AUTOBLOCANTE PE/PVC Ø125 PN10', 'ABRAZADERA AUTOBLOCANTE PE/PVC Ø125 PN10', 188.11, 48),
('40003', 5, 2, 'ABRAZADERA AUTOBLOCANTE PE/PVC Ø140 PN10', 'ABRAZADERA AUTOBLOCANTE PE/PVC Ø140 PN10', 218.26, 48),
('40004', 5, 2, 'ABRAZADERA AUTOBLOCANTE PE/PVC Ø160 PN10', 'ABRAZADERA AUTOBLOCANTE PE/PVC Ø160 PN10', 277.88, 48),
('40005', 5, 2, 'ABRAZADERA AUTOBLOCANTE PE/PVC Ø200 PN10', 'ABRAZADERA AUTOBLOCANTE PE/PVC Ø200 PN10', 464.20, 48),
('40006', 5, 2, 'ABRAZADERA AUTOBLOCANTE PE/PVC Ø63 PN10', 'ABRAZADERA AUTOBLOCANTE PE/PVC Ø63 PN10', 139.89, 48),
('40007', 5, 2, 'ABRAZADERA AUTOBLOCANTE PE/PVC Ø75 PN10', 'ABRAZADERA AUTOBLOCANTE PE/PVC Ø75 PN10', 139.89, 48),
('40008', 5, 2, 'ABRAZADERA AUTOBLOCANTE PE/PVC Ø90 PN10', 'ABRAZADERA AUTOBLOCANTE PE/PVC Ø90 PN10', 146.40, 48),
('40009', 5, 2, 'ABRAZADERA 1 1/2 TAPAPOROS LARGO', 'ABRAZADERA 1 1/2 TAPAPOROS LARGO', 18.68, 48),
('40010', 5, 2, 'ABRAZADERA 1 1/4 TAPAPOROS LARGO', 'ABRAZADERA 1 1/4 TAPAPOROS LARGO', 16.61, 48),
('40011', 5, 2, 'ABRAZADERA 1 TAPAPOROS LARGO', 'ABRAZADERA 1 TAPAPOROS LARGO', 13.53, 48),
('40012', 5, 2, 'ABRAZADERA 1/2 TAPAPOROS LARGO', 'ABRAZADERA 1/2 TAPAPOROS LARGO', 10.56, 48),
('40013', 5, 2, 'ABRAZADERA 2 1/2 TAPAPOROS LARGO', 'ABRAZADERA 2 1/2 TAPAPOROS LARGO', 27.20, 48),
('40014', 5, 2, 'ABRAZADERA 2 TAPAPOROS LARGO', 'ABRAZADERA 2 TAPAPOROS LARGO', 22.04, 48),
('40015', 5, 2, 'ABRAZADERA 3 TAPAPOROS LARGO', 'ABRAZADERA 3 TAPAPOROS LARGO', 31.30, 48),
('40016', 5, 2, 'ABRAZADERA 3/4 TAPAPOROS LARGO', 'ABRAZADERA 3/4 TAPAPOROS LARGO', 11.20, 48),
('40017', 5, 2, 'ABRAZADERA 4 TAPAPOROS LARGO', 'ABRAZADERA 4 TAPAPOROS LARGO', 45.91, 48),
('40018', 5, 2, 'ABRAZADERA REPARACION 104-112/150', 'ABRAZADERA REPARACION 104-112/150', 86.41, 48),
('40019', 5, 2, 'ABRAZADERA REPARACION 112-121/150', 'ABRAZADERA REPARACION 112-121/150', 87.72, 48),
('40020', 5, 2, 'ABRAZADERA REPARACION 115-125/150', 'ABRAZADERA REPARACION 115-125/150', 64.09, 48),
('40021', 5, 2, 'ABRAZADERA REPARACION 120-130/150', 'ABRAZADERA REPARACION 120-130/150', 86.21, 48),
('40022', 5, 2, 'ABRAZADERA REPARACION 200-212/250', 'ABRAZADERA REPARACION 200-212/250', 163.31, 48),
('40023', 5, 2, 'ABRAZADERA REPARACION 215-227/250', 'ABRAZADERA REPARACION 215-227/250', 157.13, 48),
('40024', 5, 2, 'ABRAZADERA REPARACION 58-64/150', 'ABRAZADERA REPARACION 58-64/150', 57.93, 48),
('40025', 5, 2, 'ABRAZADERA REPARACION 68-76/150', 'ABRAZADERA REPARACION 68-76/150', 81.25, 48),
('40026', 5, 2, 'ABRAZADERA REPARACION 75-83/150', 'ABRAZADERA REPARACION 75-83/150', 59.16, 48),
('40027', 5, 2, 'ABRAZADERA REPARACION 82-91/150', 'ABRAZADERA REPARACION 82-91/150', 58.91, 48),
('40028', 5, 2, 'ABRAZADERA REPARACION 95-104/150', 'ABRAZADERA REPARACION 95-104/150', 58.87, 48),
('40029', 5, 2, 'ABRAZADERA REPARACION 215-227/380', 'ABRAZADERA REPARACION 215-227/380', 268.64, 48),
('40030', 5, 2, 'ABRAZADERA REPARACION 104-112/200', 'ABRAZADERA REPARACION 104-112/200', 76.50, 48),
('40031', 5, 2, 'ABRAZADERA REPARACION 131-141/250', 'ABRAZADERA REPARACION 131-141/250', 133.13, 48),
('40032', 5, 2, 'ABRAZADERA REPARACION 140-150/250', 'ABRAZADERA REPARACION 140-150/250', 131.11, 48),
('40033', 5, 2, 'ABRAZADERA REPARACION 151-161/250', 'ABRAZADERA REPARACION 151-161/250', 168.98, 48),
('40034', 5, 2, 'ABRAZADERA REPARACION 166-178/250', 'ABRAZADERA REPARACION 166-178/250', 160.16, 48),
('40035', 5, 2, 'ABRAZADERA REPARACION 178-190/250', 'ABRAZADERA REPARACION 178-190/250', 192.56, 48),
('40036', 5, 2, 'ABRAZADERA REPARACION 190-202/250', 'ABRAZADERA REPARACION 190-202/250', 160.21, 48),
('40037', 5, 2, 'ABRAZADERA REPARACION 200-212/315', 'ABRAZADERA REPARACION 200-212/315', 230.13, 48),
('40038', 5, 2, 'ABRAZADERA REPARACION 215-227/315', 'ABRAZADERA REPARACION 215-227/315', 224.50, 48),
('40039', 5, 2, 'ABRAZADERA REPARACION 233-246/315', 'ABRAZADERA REPARACION 233-246/315', 131.73, 48),
('40040', 5, 2, 'ABRAZADERA REPARACION 315-327/315', 'ABRAZADERA REPARACION 315-327/315', 231.07, 48),
('40041', 5, 2, 'ABRAZADERA REPARACION 132-152/200', 'ABRAZADERA REPARACION 132-152/200', 259.25, 48),
('40042', 5, 2, 'ABRAZADERA REPARACION 142-162/200', 'ABRAZADERA REPARACION 142-162/200', 223.68, 48),
('40043', 5, 2, 'ABRAZADERA REPARACION 208-230/250', 'ABRAZADERA REPARACION 208-230/250', 340.99, 48),
('40044', 5, 2, 'ABRAZADERA REPARACION 220-242/250', 'ABRAZADERA REPARACION 220-242/250', 282.51, 48),
('40045', 5, 2, 'ABRAZADERA REPARACION 236-258/250', 'ABRAZADERA REPARACION 236-258/250', 291.02, 48),
('40046', 5, 2, 'ABRAZADERA REPARACION 271-293/250', 'ABRAZADERA REPARACION 271-293/250', 341.93, 48),
('40047', 5, 2, 'ABRAZADERA REPARACION 306-328/380', 'ABRAZADERA REPARACION 306-328/380', 485.62, 48),
('40048', 5, 2, 'ABRAZADERA REPARACION 106-124/200', 'ABRAZADERA REPARACION 106-124/200', 198.20, 48),
('40049', 5, 2, 'ABRAZADERA REPARACION 132-152/250', 'ABRAZADERA REPARACION 132-152/250', 301.51, 48),
('40050', 5, 2, 'ABRAZADERA REPARACION 142-162/250', 'ABRAZADERA REPARACION 142-162/250', 276.31, 48),
('40051', 5, 2, 'ABRAZADERA REPARACION 160-180/250', 'ABRAZADERA REPARACION 160-180/250', 273.22, 48),
('40052', 5, 2, 'ABRAZADERA REPARACION 166-186/250', 'ABRAZADERA REPARACION 166-186/250', 325.95, 48),
('40053', 5, 2, 'ABRAZADERA REPARACION 208-230/315', 'ABRAZADERA REPARACION 208-230/315', 400.16, 48),
('40054', 5, 2, 'ABRAZADERA REPARACION 271-293/315', 'ABRAZADERA REPARACION 271-293/315', 440.55, 48),
('40055', 5, 2, 'ABRAZADERA REPARACION 306-328/315', 'ABRAZADERA REPARACION 306-328/315', 356.03, 48),
('40056', 5, 2, 'ABRAZADERA REPARACION 406-430/315', 'ABRAZADERA REPARACION 406-430/315', 497.86, 48),
('40057', 5, 2, 'ABRAZADERA REPARACION 87-102/200', 'ABRAZADERA REPARACION 87-102/200', 198.20, 48),
('40058', 5, 2, 'ADOQUIN', 'ADOQUIN', 0.55, 48),
('40059', 5, 1, 'AGLOMERADO ASFÁLTICO EN CALIENTE ARIDO OFÍTICO S-12', 'AGLOMERADO ASFÁLTICO EN CALIENTE ARIDO OFÍTICO S-12', 155.15, 48),
('40060', 5, 2, 'ALARGADERA LATON M-H 1', 'ALARGADERA LATON M-H 1', 2.18, 48),
('40061', 5, 2, 'ALARGADERA LATON M-H 1 1/2', 'ALARGADERA LATON M-H 1 1/2', 4.16, 48),
('40062', 5, 2, 'ALARGADERA LATON M-H 1 1/2X2', 'ALARGADERA LATON M-H 1 1/2X2', 6.64, 48),
('40063', 5, 2, 'ALARGADERA LATON M-H 1 1/2X3', 'ALARGADERA LATON M-H 1 1/2X3', 17.35, 48),
('40064', 5, 2, 'ALARGADERA LATON M-H 1 1/4', 'ALARGADERA LATON M-H 1 1/4', 3.07, 48),
('40065', 5, 2, 'ALARGADERA LATON M-H 1 1/4X1 1/2', 'ALARGADERA LATON M-H 1 1/4X1 1/2', 5.05, 48),
('40066', 5, 2, 'ALARGADERA LATON M-H 1 1/4X2', 'ALARGADERA LATON M-H 1 1/4X2', 6.00, 48),
('40067', 5, 2, 'ALARGADERA LATON M-H 1/2', 'ALARGADERA LATON M-H 1/2', 1.03, 48),
('40068', 5, 2, 'ALARGADERA LATON M-H 1/2X1', 'ALARGADERA LATON M-H 1/2X1', 1.60, 48),
('40069', 5, 2, 'ALARGADERA LATON M-H 1/2X1 1/4', 'ALARGADERA LATON M-H 1/2X1 1/4', 5.32, 48),
('40070', 5, 2, 'ALARGADERA LATON M-H 1/2X3/4', 'ALARGADERA LATON M-H 1/2X3/4', 1.22, 48),
('40071', 5, 2, 'ALARGADERA LATON M-H 1X1 1/2', 'ALARGADERA LATON M-H 1X1 1/2', 4.38, 48),
('40072', 5, 2, 'ALARGADERA LATON M-H 1X1 1/4', 'ALARGADERA LATON M-H 1X1 1/4', 3.00, 48),
('40073', 5, 2, 'ALARGADERA LATON M-H 1X1/2', 'ALARGADERA LATON M-H 1X1/2', 3.80, 48),
('40074', 5, 2, 'ALARGADERA LATON M-H 1X2', 'ALARGADERA LATON M-H 1X2', 6.10, 48),
('40075', 5, 2, 'ALARGADERA LATON M-H 1X3/4', 'ALARGADERA LATON M-H 1X3/4', 2.33, 48);

-- Lote 2 (filas 101 a 200 de 1250)
INSERT INTO tbl_pres_precios (codigo, id_naturaleza, id_unidades, resumen, descripcion, coste, id_capitulo)
VALUES
('40076', 5, 2, 'ALARGADERA LATON M-H 2', 'ALARGADERA LATON M-H 2', 6.08, 48),
('40077', 5, 2, 'ALARGADERA LATON M-H 2 1/2', 'ALARGADERA LATON M-H 2 1/2', 12.14, 48),
('40078', 5, 2, 'ALARGADERA LATON M-H 2X2 1/2', 'ALARGADERA LATON M-H 2X2 1/2', 13.21, 48),
('40079', 5, 2, 'ALARGADERA LATON M-H 3/4', 'ALARGADERA LATON M-H 3/4', 1.28, 48),
('40080', 5, 2, 'ALARGADERA LATON M-H 3/4X1', 'ALARGADERA LATON M-H 3/4X1', 2.17, 48),
('40081', 5, 2, 'ALARGADERA LATON M-H 3/4X1 1/4', 'ALARGADERA LATON M-H 3/4X1 1/4', 2.78, 48),
('40082', 5, 2, 'ALARGADERA LATON M-H 3/4X1/2', 'ALARGADERA LATON M-H 3/4X1/2', 1.42, 48),
('40083', 5, 2, 'ALARGADERA LATON M-H 3/4X2', 'ALARGADERA LATON M-H 3/4X2', 5.48, 48),
('40084', 5, 2, 'AMPLIACION EXCENTRICA H-M 110/125 PVC TEJA C/JUNTA', 'AMPLIACION EXCENTRICA H-M 110/125 PVC TEJA C/JUNTA', 5.19, 48),
('40085', 5, 2, 'AMPLIACION EXCENTRICA H-M 110/160 PVC TEJA C/JUNTA', 'AMPLIACION EXCENTRICA H-M 110/160 PVC TEJA C/JUNTA', 6.72, 48),
('40086', 5, 2, 'AMPLIACION EXCENTRICA H-M 125/160 PVC TEJA C/JUNTA', 'AMPLIACION EXCENTRICA H-M 125/160 PVC TEJA C/JUNTA', 6.80, 48),
('40087', 5, 2, 'AMPLIACION EXCENTRICA H-M 160/200 PVC TEJA C/JUNTA', 'AMPLIACION EXCENTRICA H-M 160/200 PVC TEJA C/JUNTA', 10.98, 48),
('40088', 5, 2, 'AMPLIACION EXCENTRICA H-M 160/250 PVC TEJA C/JUNTA', 'AMPLIACION EXCENTRICA H-M 160/250 PVC TEJA C/JUNTA', 18.93, 48),
('40089', 5, 2, 'AMPLIACION EXCENTRICA H-M 200/250 PVC TEJA C/JUNTA', 'AMPLIACION EXCENTRICA H-M 200/250 PVC TEJA C/JUNTA', 25.14, 48),
('40090', 5, 2, 'AMPLIACION EXCENTRICA H-M 200/315 PVC TEJA C/JUNTA', 'AMPLIACION EXCENTRICA H-M 200/315 PVC TEJA C/JUNTA', 32.17, 48),
('40091', 5, 2, 'AMPLIACION EXCENTRICA H-M 250/315 PVC TEJA C/JUNTA', 'AMPLIACION EXCENTRICA H-M 250/315 PVC TEJA C/JUNTA', 31.29, 48),
('40092', 5, 2, 'ANCLAJE MACHO M10X120 HORMIGON', 'ANCLAJE MACHO M10X120 HORMIGON', 0.42, 48),
('40093', 5, 2, 'ANCLAJE MACHO M12X110 HORMIGON', 'ANCLAJE MACHO M12X110 HORMIGON', 0.54, 48),
('40094', 5, 2, 'ANCLAJE TORNILLO M10X100 12', 'ANCLAJE TORNILLO M10X100 12', 1.06, 48),
('40095', 5, 2, 'ANCLAJE TORNILLO M10X70 12', 'ANCLAJE TORNILLO M10X70 12', 0.50, 48),
('40096', 5, 2, 'ANILLO POZO Ø100X100 HORMIGON EN MASA ESPESOR 10', 'ANILLO POZO Ø100X100 HORMIGON EN MASA ESPESOR 10', 83.28, 48),
('40097', 5, 2, 'ANILLO POZO Ø100X30 HORMIGON EN MASA ESPESOR 9', 'ANILLO POZO Ø100X30 HORMIGON EN MASA ESPESOR 9', 44.44, 48),
('40098', 5, 2, 'ANILLO POZO Ø100X50 HORMIGON EN MASA ESPESOR 10', 'ANILLO POZO Ø100X50 HORMIGON EN MASA ESPESOR 10', 46.61, 48),
('40099', 5, 1, 'ARENA', 'ARENA', 25.68, 48),
('40100', 5, 2, 'ARQUETA HORMIGON EN MASA 40X40 SIN FONDO PARA TAPA 50', 'ARQUETA HORMIGON EN MASA 40X40 SIN FONDO PARA TAPA 50', 12.99, 48),
('40101', 5, 2, 'ARQUETA HORMIGON EN MASA 50X50 SIN FONDO PARA TAPA 60', 'ARQUETA HORMIGON EN MASA 50X50 SIN FONDO PARA TAPA 60', 21.69, 48),
('40102', 5, 2, 'ARQUETA HORMIGON EN MASA 60X60 SIN FONDO PARA TAPA 70', 'ARQUETA HORMIGON EN MASA 60X60 SIN FONDO PARA TAPA 70', 31.80, 48),
('40103', 5, 2, 'ARQUETA HORMIGON EN MASA 70X70 SIN FONDO PARA TAPA 80', 'ARQUETA HORMIGON EN MASA 70X70 SIN FONDO PARA TAPA 80', 52.46, 48),
('40104', 5, 2, 'ARQUETA HORMIGON EN MASA 80X80 SIN FONDO PARA TAPA 90', 'ARQUETA HORMIGON EN MASA 80X80 SIN FONDO PARA TAPA 90', 79.83, 48),
('40105', 5, 2, 'ARQUETA HPDE 48X24X26 TAPA COMPO. CONT. 13/15/20 ROSCA 3/4', 'ARQUETA HPDE 48X24X26 TAPA COMPO. CONT. 13/15/20 ROSCA 3/4', 180.90, 48),
('40106', 5, 2, 'ARQUETA RECTANGULAR AGUA POTABLE 154X132X126', 'ARQUETA RECTANGULAR AGUA POTABLE 154X132X126', 21.04, 48),
('40107', 5, 3, 'BALDOSA 36 TACOS BLANCA', 'BALDOSA 36 TACOS BLANCA', 19.99, 48),
('40108', 5, 3, 'BALDOSA HIDRAULICA ESTANDAR', 'BALDOSA HIDRAULICA ESTANDAR', 11.37, 48),
('40109', 5, 5, 'BANDA AZUL DE SEÑALIZACIÓN DE TUBERÍAS', 'BANDA AZUL DE SEÑALIZACIÓN DE TUBERÍAS', 0.15, 48),
('40110', 5, 2, 'BANDA INOX UNIVERSAL 106/118', 'BANDA INOX UNIVERSAL 106/118', 49.06, 48),
('40111', 5, 2, 'BANDA INOX UNIVERSAL 112/122', 'BANDA INOX UNIVERSAL 112/122', 49.06, 48),
('40112', 5, 2, 'BANDA INOX UNIVERSAL 123/137', 'BANDA INOX UNIVERSAL 123/137', 49.11, 48),
('40113', 5, 2, 'BANDA INOX UNIVERSAL 129/139', 'BANDA INOX UNIVERSAL 129/139', 50.15, 48),
('40114', 5, 2, 'BANDA INOX UNIVERSAL 147/160', 'BANDA INOX UNIVERSAL 147/160', 50.70, 48),
('40115', 5, 2, 'BANDA INOX UNIVERSAL 156/165', 'BANDA INOX UNIVERSAL 156/165', 51.78, 48),
('40116', 5, 2, 'BANDA INOX UNIVERSAL 166/177', 'BANDA INOX UNIVERSAL 166/177', 51.78, 48),
('40117', 5, 2, 'BANDA INOX UNIVERSAL 175/185', 'BANDA INOX UNIVERSAL 175/185', 51.78, 48),
('40118', 5, 2, 'BANDA INOX UNIVERSAL 185/197', 'BANDA INOX UNIVERSAL 185/197', 51.78, 48),
('40119', 5, 2, 'BANDA INOX UNIVERSAL 200/212', 'BANDA INOX UNIVERSAL 200/212', 52.87, 48),
('40120', 5, 2, 'BANDA INOX UNIVERSAL 21 1/223', 'BANDA INOX UNIVERSAL 21 1/223', 52.87, 48),
('40121', 5, 2, 'BANDA INOX UNIVERSAL 216/227', 'BANDA INOX UNIVERSAL 216/227', 52.87, 48),
('40122', 5, 2, 'BANDA INOX UNIVERSAL 224/236', 'BANDA INOX UNIVERSAL 224/236', 52.87, 48),
('40123', 5, 2, 'BANDA INOX UNIVERSAL 235/244', 'BANDA INOX UNIVERSAL 235/244', 52.87, 48),
('40124', 5, 2, 'BANDA INOX UNIVERSAL 251/263', 'BANDA INOX UNIVERSAL 251/263', 52.87, 48),
('40125', 5, 2, 'BANDA INOX UNIVERSAL 260/275', 'BANDA INOX UNIVERSAL 260/275', 52.87, 48),
('40126', 5, 2, 'BANDA INOX UNIVERSAL 268/280', 'BANDA INOX UNIVERSAL 268/280', 52.87, 48),
('40127', 5, 2, 'BANDA INOX UNIVERSAL 287/298', 'BANDA INOX UNIVERSAL 287/298', 54.51, 48),
('40128', 5, 2, 'BANDA INOX UNIVERSAL 323/330', 'BANDA INOX UNIVERSAL 323/330', 54.51, 48),
('40129', 5, 2, 'BANDA INOX UNIVERSAL 358/369', 'BANDA INOX UNIVERSAL 358/369', 57.24, 48),
('40130', 5, 2, 'BANDA INOX UNIVERSAL 374/381', 'BANDA INOX UNIVERSAL 374/381', 65.41, 48),
('40131', 5, 2, 'BANDA INOX UNIVERSAL 41 1/420', 'BANDA INOX UNIVERSAL 41 1/420', 68.14, 48),
('40132', 5, 2, 'BANDA INOX UNIVERSAL 420/432', 'BANDA INOX UNIVERSAL 420/432', 68.14, 48),
('40133', 5, 2, 'BANDA INOX UNIVERSAL 75/83', 'BANDA INOX UNIVERSAL 75/83', 50.75, 48),
('40134', 5, 2, 'BANDA INOX UNIVERSAL 88/97', 'BANDA INOX UNIVERSAL 88/97', 45.79, 48),
('40135', 5, 2, 'BANDA INOX UNIVERSAL 90/105', 'BANDA INOX UNIVERSAL 90/105', 46.33, 48),
('40136', 5, 2, 'BANDA INOX UNIVERSAL 98/105', 'BANDA INOX UNIVERSAL 98/105', 48.03, 48),
('40137', 5, 9, 'BETÚN ASFÁLTICO', 'BETÚN ASFÁLTICO', 1.37, 48),
('40138', 5, 2, 'BLOQUE HIDROFUGO DE 40X20X20', 'BLOQUE HIDROFUGO DE 40X20X20', 0.77, 48),
('40139', 5, 2, 'BLOQUE HORMIGON GRIS 40X20X20CM', 'BLOQUE HORMIGON GRIS 40X20X20CM', 0.87, 48),
('40140', 5, 2, 'BOCA DE RIEGO CON ARQUETA Y TAPA DN40 VOLANTE', 'BOCA DE RIEGO CON ARQUETA Y TAPA DN40 VOLANTE', 100.72, 48),
('40141', 5, 2, 'BORDILLO ACERA BICAPA 100X25X15CM C5 GRIS', 'BORDILLO ACERA BICAPA 100X25X15CM C5 GRIS', 6.43, 48),
('40142', 5, 2, 'BOTE 300ML ANCLAJE QUIMICO POLYESTER BASICO', 'BOTE 300ML ANCLAJE QUIMICO POLYESTER BASICO', 6.85, 48),
('40143', 5, 2, 'BOTE 300ML ANCLAJE QUIMICO POLYESTER SIN ESTIRENO', 'BOTE 300ML ANCLAJE QUIMICO POLYESTER SIN ESTIRENO', 9.32, 48),
('40144', 5, 2, 'BOTE 300ML ANCLAJE QUIMICO VINYLESTER SIN ESTIRENO', 'BOTE 300ML ANCLAJE QUIMICO VINYLESTER SIN ESTIRENO', 11.05, 48),
('40145', 5, 2, 'BOTE 410ML ANCLAJE QUIMICO VINYLESTER SIN ESTIRENO', 'BOTE 410ML ANCLAJE QUIMICO VINYLESTER SIN ESTIRENO', 14.27, 48),
('40146', 5, 2, 'BOTE ASFALTO EN FRIO (1 m2 x 1 cm)', 'BOTE ASFALTO EN FRIO (1 m2 x 1 cm)', 17.23, 48),
('40147', 5, 2, 'BOYA COBRE PLANA 1', 'BOYA COBRE PLANA 1', 31.76, 48),
('40148', 5, 2, 'BOYA COBRE PLANA 1 1/2', 'BOYA COBRE PLANA 1 1/2', 59.13, 48),
('40149', 5, 2, 'BOYA COBRE PLANA 1 1/4', 'BOYA COBRE PLANA 1 1/4', 47.79, 48),
('40150', 5, 2, 'BOYA COBRE PLANA 1/2', 'BOYA COBRE PLANA 1/2', 20.04, 48),
('40151', 5, 2, 'BOYA COBRE PLANA 2', 'BOYA COBRE PLANA 2', 94.64, 48),
('40152', 5, 2, 'BOYA COBRE PLANA 2 1/2', 'BOYA COBRE PLANA 2 1/2', 110.45, 48),
('40153', 5, 2, 'BOYA COBRE PLANA 3/4', 'BOYA COBRE PLANA 3/4', 26.92, 48),
('40154', 5, 2, 'BRIDA ANTITRACCION PE/PVC DN100 Ø110 PN16', 'BRIDA ANTITRACCION PE/PVC DN100 Ø110 PN16', 74.06, 48),
('40155', 5, 2, 'BRIDA ANTITRACCION PE/PVC DN100 Ø125 PN16', 'BRIDA ANTITRACCION PE/PVC DN100 Ø125 PN16', 114.38, 48),
('40156', 5, 2, 'BRIDA ANTITRACCION PE/PVC DN125 Ø125 PN16', 'BRIDA ANTITRACCION PE/PVC DN125 Ø125 PN16', 110.78, 48),
('40157', 5, 2, 'BRIDA ANTITRACCION PE/PVC DN125 Ø140 PN16', 'BRIDA ANTITRACCION PE/PVC DN125 Ø140 PN16', 118.65, 48),
('40158', 5, 2, 'BRIDA ANTITRACCION PE/PVC DN150 Ø160 PN16', 'BRIDA ANTITRACCION PE/PVC DN150 Ø160 PN16', 123.42, 48),
('40159', 5, 2, 'BRIDA ANTITRACCION PE/PVC DN200 Ø200 PN16', 'BRIDA ANTITRACCION PE/PVC DN200 Ø200 PN16', 280.46, 48),
('40160', 5, 2, 'BRIDA ANTITRACCION PE/PVC DN50 Ø63 PN16', 'BRIDA ANTITRACCION PE/PVC DN50 Ø63 PN16', 63.73, 48),
('40161', 5, 2, 'BRIDA ANTITRACCION PE/PVC DN65 Ø75 PN16', 'BRIDA ANTITRACCION PE/PVC DN65 Ø75 PN16', 75.30, 48),
('40162', 5, 2, 'BRIDA ANTITRACCION PE/PVC DN80 Ø90 PN16', 'BRIDA ANTITRACCION PE/PVC DN80 Ø90 PN16', 65.54, 48),
('40163', 5, 2, 'BRIDA CIEGA PN16 2 1/2 65/75', 'BRIDA CIEGA PN16 2 1/2 65/75', 17.90, 48),
('40164', 5, 2, 'BRIDA CIEGA PN16 2 50/63', 'BRIDA CIEGA PN16 2 50/63', 15.46, 48),
('40165', 5, 2, 'BRIDA CIEGA PN16 3 80/90', 'BRIDA CIEGA PN16 3 80/90', 21.91, 48),
('40166', 5, 2, 'BRIDA CIEGA PN16 4 100/125', 'BRIDA CIEGA PN16 4 100/125', 28.27, 48),
('40167', 5, 2, 'BRIDA CIEGA PN16 5 125/140', 'BRIDA CIEGA PN16 5 125/140', 41.95, 48),
('40168', 5, 2, 'BRIDA CIEGA PN16 6 160/180', 'BRIDA CIEGA PN16 6 160/180', 54.40, 48),
('40169', 5, 2, 'BRIDA DIN 2566 PLANA ROSCADA PN10 100 4 ZINCADA', 'BRIDA DIN 2566 PLANA ROSCADA PN10 100 4 ZINCADA', 27.05, 48),
('40170', 5, 2, 'BRIDA DIN 2566 PLANA ROSCADA PN10 125 5 ZINCADA', 'BRIDA DIN 2566 PLANA ROSCADA PN10 125 5 ZINCADA', 37.21, 48),
('40171', 5, 2, 'BRIDA DIN 2566 PLANA ROSCADA PN10 150 6 ZINCADA', 'BRIDA DIN 2566 PLANA ROSCADA PN10 150 6 ZINCADA', 67.14, 48),
('40172', 5, 2, 'BRIDA DIN 2566 PLANA ROSCADA PN10 50 2 ZINCADA', 'BRIDA DIN 2566 PLANA ROSCADA PN10 50 2 ZINCADA', 17.42, 48),
('40173', 5, 2, 'BRIDA DIN 2566 PLANA ROSCADA PN10 65 2 1/2 ZINCADA', 'BRIDA DIN 2566 PLANA ROSCADA PN10 65 2 1/2 ZINCADA', 20.54, 48),
('40174', 5, 2, 'BRIDA DIN 2566 PLANA ROSCADA PN10 80 3 ZINCADA', 'BRIDA DIN 2566 PLANA ROSCADA PN10 80 3 ZINCADA', 24.81, 48),
('40175', 5, 2, 'BRIDA ENCHUFE DN100 PN16', 'BRIDA ENCHUFE DN100 PN16', 53.76, 48);

-- Lote 3 (filas 201 a 300 de 1250)
INSERT INTO tbl_pres_precios (codigo, id_naturaleza, id_unidades, resumen, descripcion, coste, id_capitulo)
VALUES
('40176', 5, 2, 'BRIDA ENCHUFE DN125 PN16', 'BRIDA ENCHUFE DN125 PN16', 68.21, 48),
('40177', 5, 2, 'BRIDA ENCHUFE DN150 PN16', 'BRIDA ENCHUFE DN150 PN16', 81.86, 48),
('40178', 5, 2, 'BRIDA ENCHUFE DN200 PN16', 'BRIDA ENCHUFE DN200 PN16', 111.57, 48),
('40179', 5, 2, 'BRIDA ENCHUFE DN250 PN16', 'BRIDA ENCHUFE DN250 PN16', 167.44, 48),
('40180', 5, 2, 'BRIDA ENCHUFE DN80 PN16', 'BRIDA ENCHUFE DN80 PN16', 42.18, 48),
('40181', 5, 2, 'BRIDA LISA DN100 PN16', 'BRIDA LISA DN100 PN16', 47.24, 48),
('40182', 5, 2, 'BRIDA LISA DN125 PN16', 'BRIDA LISA DN125 PN16', 59.05, 48),
('40183', 5, 2, 'BRIDA LISA DN150 PN16', 'BRIDA LISA DN150 PN16', 79.95, 48),
('40184', 5, 2, 'BRIDA LISA DN200 PN16', 'BRIDA LISA DN200 PN16', 109.02, 48),
('40185', 5, 2, 'BRIDA LISA DN250 PN16', 'BRIDA LISA DN250 PN16', 149.90, 48),
('40186', 5, 2, 'BRIDA LISA DN300 PN16', 'BRIDA LISA DN300 PN16', 199.87, 48),
('40187', 5, 2, 'BRIDA LISA DN65 PN16', 'BRIDA LISA DN65 PN16', 39.97, 48),
('40188', 5, 2, 'BRIDA LISA DN80 PN16', 'BRIDA LISA DN80 PN16', 44.57, 48),
('40189', 5, 2, 'BRIDA LOCA RECUBIERTA PP NEGRO DN100 Ø110MM PN10/16 DIN', 'BRIDA LOCA RECUBIERTA PP NEGRO DN100 Ø110MM PN10/16 DIN', 15.24, 48),
('40190', 5, 2, 'BRIDA LOCA RECUBIERTA PP NEGRO DN100 Ø125MM PN10/16 DIN', 'BRIDA LOCA RECUBIERTA PP NEGRO DN100 Ø125MM PN10/16 DIN', 15.41, 48),
('40191', 5, 2, 'BRIDA LOCA RECUBIERTA PP NEGRO DN125 Ø140MM PN10/16 DIN', 'BRIDA LOCA RECUBIERTA PP NEGRO DN125 Ø140MM PN10/16 DIN', 22.73, 48),
('40192', 5, 2, 'BRIDA LOCA RECUBIERTA PP NEGRO DN150 Ø160MM PN10/16 DIN', 'BRIDA LOCA RECUBIERTA PP NEGRO DN150 Ø160MM PN10/16 DIN', 24.52, 48),
('40193', 5, 2, 'BRIDA LOCA RECUBIERTA PP NEGRO DN150 Ø180MM PN10/16 DIN', 'BRIDA LOCA RECUBIERTA PP NEGRO DN150 Ø180MM PN10/16 DIN', 25.79, 48),
('40194', 5, 2, 'BRIDA LOCA RECUBIERTA PP NEGRO DN200 Ø200MM PN16 DIN', 'BRIDA LOCA RECUBIERTA PP NEGRO DN200 Ø200MM PN16 DIN', 35.47, 48),
('40195', 5, 2, 'BRIDA LOCA RECUBIERTA PP NEGRO DN200 Ø225MM PN16 DIN', 'BRIDA LOCA RECUBIERTA PP NEGRO DN200 Ø225MM PN16 DIN', 37.78, 48),
('40196', 5, 2, 'BRIDA LOCA RECUBIERTA PP NEGRO DN25 Ø32MM PN10/16 DIN', 'BRIDA LOCA RECUBIERTA PP NEGRO DN25 Ø32MM PN10/16 DIN', 5.84, 48),
('40197', 5, 2, 'BRIDA LOCA RECUBIERTA PP NEGRO DN250 Ø250MM PN16 DIN', 'BRIDA LOCA RECUBIERTA PP NEGRO DN250 Ø250MM PN16 DIN', 49.18, 48),
('40198', 5, 2, 'BRIDA LOCA RECUBIERTA PP NEGRO DN300 Ø315MM PN16 DIN', 'BRIDA LOCA RECUBIERTA PP NEGRO DN300 Ø315MM PN16 DIN', 101.18, 48),
('40199', 5, 2, 'BRIDA LOCA RECUBIERTA PP NEGRO DN32 Ø40MM PN10/16 DIN', 'BRIDA LOCA RECUBIERTA PP NEGRO DN32 Ø40MM PN10/16 DIN', 6.91, 48),
('40200', 5, 2, 'BRIDA LOCA RECUBIERTA PP NEGRO DN40 Ø50MM PN10/16 DIN', 'BRIDA LOCA RECUBIERTA PP NEGRO DN40 Ø50MM PN10/16 DIN', 8.37, 48),
('40201', 5, 2, 'BRIDA LOCA RECUBIERTA PP NEGRO DN400 Ø400MM PN10 DIN', 'BRIDA LOCA RECUBIERTA PP NEGRO DN400 Ø400MM PN10 DIN', 197.91, 48),
('40202', 5, 2, 'BRIDA LOCA RECUBIERTA PP NEGRO DN50 Ø63MM PN10/16 DIN', 'BRIDA LOCA RECUBIERTA PP NEGRO DN50 Ø63MM PN10/16 DIN', 9.32, 48),
('40203', 5, 2, 'BRIDA LOCA RECUBIERTA PP NEGRO DN65 Ø75MM PN10/16 DIN', 'BRIDA LOCA RECUBIERTA PP NEGRO DN65 Ø75MM PN10/16 DIN', 11.25, 48),
('40204', 5, 2, 'BRIDA LOCA RECUBIERTA PP NEGRO DN80 Ø90MM PN10/16 DIN', 'BRIDA LOCA RECUBIERTA PP NEGRO DN80 Ø90MM PN10/16 DIN', 12.71, 48),
('40205', 5, 2, 'BRIDA UNIVERSAL DN100 109-133', 'BRIDA UNIVERSAL DN100 109-133', 71.41, 48),
('40206', 5, 2, 'BRIDA UNIVERSAL DN100 99-118', 'BRIDA UNIVERSAL DN100 99-118', 60.31, 48),
('40207', 5, 2, 'BRIDA UNIVERSAL DN125 133-157', 'BRIDA UNIVERSAL DN125 133-157', 86.55, 48),
('40208', 5, 2, 'BRIDA UNIVERSAL DN150 157-182', 'BRIDA UNIVERSAL DN150 157-182', 96.90, 48),
('40209', 5, 2, 'BRIDA UNIVERSAL DN200 194-215', 'BRIDA UNIVERSAL DN200 194-215', 120.02, 48),
('40210', 5, 2, 'BRIDA UNIVERSAL DN200 218-242', 'BRIDA UNIVERSAL DN200 218-242', 133.24, 48),
('40211', 5, 2, 'BRIDA UNIVERSAL DN250 242-268', 'BRIDA UNIVERSAL DN250 242-268', 166.29, 48),
('40212', 5, 2, 'BRIDA UNIVERSAL DN250 266-291', 'BRIDA UNIVERSAL DN250 266-291', 178.27, 48),
('40213', 5, 2, 'BRIDA UNIVERSAL DN250 280-305', 'BRIDA UNIVERSAL DN250 280-305', 199.34, 48),
('40214', 5, 2, 'BRIDA UNIVERSAL DN300 302-327', 'BRIDA UNIVERSAL DN300 302-327', 206.56, 48),
('40215', 5, 2, 'BRIDA UNIVERSAL DN50 58-74', 'BRIDA UNIVERSAL DN50 58-74', 45.03, 48),
('40216', 5, 2, 'BRIDA UNIVERSAL DN65 68-84', 'BRIDA UNIVERSAL DN65 68-84', 52.85, 48),
('40217', 5, 2, 'BRIDA UNIVERSAL DN80 84-105', 'BRIDA UNIVERSAL DN80 84-105', 58.92, 48),
('40218', 5, 2, 'BRIDA UNIVERSAL CON TALON DN100 107-132', 'BRIDA UNIVERSAL CON TALON DN100 107-132', 63.93, 48),
('40219', 5, 2, 'BRIDA UNIVERSAL CON TALON DN125 133-159', 'BRIDA UNIVERSAL CON TALON DN125 133-159', 85.60, 48),
('40220', 5, 2, 'BRIDA UNIVERSAL CON TALON DN150 159-184', 'BRIDA UNIVERSAL CON TALON DN150 159-184', 95.10, 48),
('40221', 5, 2, 'BRIDA UNIVERSAL CON TALON DN150/175 165-195', 'BRIDA UNIVERSAL CON TALON DN150/175 165-195', 109.39, 48),
('40222', 5, 2, 'BRIDA UNIVERSAL CON TALON DN200 194-226', 'BRIDA UNIVERSAL CON TALON DN200 194-226', 133.15, 48),
('40223', 5, 2, 'BRIDA UNIVERSAL CON TALON DN200 216-246', 'BRIDA UNIVERSAL CON TALON DN200 216-246', 136.91, 48),
('40224', 5, 2, 'BRIDA UNIVERSAL CON TALON DN250 244-276', 'BRIDA UNIVERSAL CON TALON DN250 244-276', 184.46, 48),
('40225', 5, 2, 'BRIDA UNIVERSAL CON TALON DN250 266-297', 'BRIDA UNIVERSAL CON TALON DN250 266-297', 194.84, 48),
('40226', 5, 2, 'BRIDA UNIVERSAL CON TALON DN300 315-345', 'BRIDA UNIVERSAL CON TALON DN300 315-345', 238.23, 48),
('40227', 5, 2, 'BRIDA UNIVERSAL CON TALON DN300 345-375', 'BRIDA UNIVERSAL CON TALON DN300 345-375', 277.15, 48),
('40228', 5, 2, 'BRIDA UNIVERSAL CON TALON DN350 353-387', 'BRIDA UNIVERSAL CON TALON DN350 353-387', 335.79, 48),
('40229', 5, 2, 'BRIDA UNIVERSAL CON TALON DN350 375-405', 'BRIDA UNIVERSAL CON TALON DN350 375-405', 335.79, 48),
('40230', 5, 2, 'BRIDA UNIVERSAL CON TALON DN400 400-435', 'BRIDA UNIVERSAL CON TALON DN400 400-435', 395.16, 48),
('40231', 5, 2, 'BRIDA UNIVERSAL CON TALON DN400 435-470', 'BRIDA UNIVERSAL CON TALON DN400 435-470', 447.49, 48),
('40232', 5, 2, 'BRIDA UNIVERSAL CON TALON DN400 435-470                        ', 'BRIDA UNIVERSAL CON TALON DN400 435-470                        ', 447.49, 48),
('40233', 5, 2, 'BRIDA UNIVERSAL CON TALON DN400 470-505', 'BRIDA UNIVERSAL CON TALON DN400 470-505', 548.28, 48),
('40234', 5, 2, 'BRIDA UNIVERSAL CON TALON DN50  60-80', 'BRIDA UNIVERSAL CON TALON DN50  60-80', 49.10, 48),
('40235', 5, 2, 'BRIDA UNIVERSAL CON TALON DN50 60-80', 'BRIDA UNIVERSAL CON TALON DN50 60-80', 49.10, 48),
('40236', 5, 2, 'BRIDA UNIVERSAL CON TALON DN60/65 70-90', 'BRIDA UNIVERSAL CON TALON DN60/65 70-90', 58.93, 48),
('40237', 5, 2, 'BRIDA UNIVERSAL CON TALON DN80   88-113', 'BRIDA UNIVERSAL CON TALON DN80   88-113', 60.19, 48),
('40238', 5, 2, 'BRIDA UNIVERSAL CON TALON DN80 88-113', 'BRIDA UNIVERSAL CON TALON DN80 88-113', 60.19, 48),
('40239', 5, 2, 'CABEZAL TOMA EN CARGA DN65/500 1"', 'CABEZAL TOMA EN CARGA DN65/500 1"', 57.24, 48),
('40240', 5, 2, 'CABEZAL TOMA EN CARGA DN65/500 2"', 'CABEZAL TOMA EN CARGA DN65/500 2"', 90.48, 48),
('40241', 5, 2, 'CABEZAL TOMA DN65/500 1"', 'CABEZAL TOMA DN65/500 1"', 31.10, 48),
('40242', 5, 2, 'CABEZAL TOMA DN65/500 2"', 'CABEZAL TOMA DN65/500 2"', 33.83, 48),
('40243', 5, 2, 'CABIOS DE MADERA 2,5X0,06X0,07', 'CABIOS DE MADERA 2,5X0,06X0,07', 7.74, 48),
('40244', 5, 2, 'CANDADO NIQUEL Z35', 'CANDADO NIQUEL Z35', 10.42, 48),
('40245', 5, 2, 'CARRETE DE DESMONTAJE DN100 L:150-216 PN16', 'CARRETE DE DESMONTAJE DN100 L:150-216 PN16', 470.65, 48),
('40246', 5, 2, 'CARRETE DE DESMONTAJE DN100 L:216-350 PN16', 'CARRETE DE DESMONTAJE DN100 L:216-350 PN16', 510.86, 48),
('40247', 5, 2, 'CARRETE DE DESMONTAJE DN150 L:175-250 PN16', 'CARRETE DE DESMONTAJE DN150 L:175-250 PN16', 700.96, 48),
('40248', 5, 2, 'CARRETE DE DESMONTAJE DN150 L:250-408 PN16', 'CARRETE DE DESMONTAJE DN150 L:250-408 PN16', 758.50, 48),
('40249', 5, 2, 'CARRETE DE DESMONTAJE DN200 L:195-280 PN16', 'CARRETE DE DESMONTAJE DN200 L:195-280 PN16', 1183.46, 48),
('40250', 5, 2, 'CARRETE DE DESMONTAJE DN200 L:280-460 PN16', 'CARRETE DE DESMONTAJE DN200 L:280-460 PN16', 1303.21, 48),
('40251', 5, 2, 'CARRETE DE DESMONTAJE DN50 L:150-207 PN16', 'CARRETE DE DESMONTAJE DN50 L:150-207 PN16', 404.85, 48),
('40252', 5, 2, 'CARRETE DE DESMONTAJE DN50 L:207-323 PN16', 'CARRETE DE DESMONTAJE DN50 L:207-323 PN16', 425.90, 48),
('40253', 5, 2, 'CARRETE DE DESMONTAJE DN80 L:150-214 PN16', 'CARRETE DE DESMONTAJE DN80 L:150-214 PN16', 444.15, 48),
('40254', 5, 2, 'CARRETE DE DESMONTAJE DN80 L:214-344 PN16', 'CARRETE DE DESMONTAJE DN80 L:214-344 PN16', 480.71, 48),
('40255', 5, 2, 'CARRETE DESMONTAJE ACERO AL CARBONO DN100 PN16', 'CARRETE DESMONTAJE ACERO AL CARBONO DN100 PN16', 351.95, 48),
('40256', 5, 2, 'CARRETE DESMONTAJE ACERO AL CARBONO DN125 PN16', 'CARRETE DESMONTAJE ACERO AL CARBONO DN125 PN16', 398.29, 48),
('40257', 5, 2, 'CARRETE DESMONTAJE ACERO AL CARBONO DN150 PN16', 'CARRETE DESMONTAJE ACERO AL CARBONO DN150 PN16', 432.48, 48),
('40258', 5, 2, 'CARRETE DESMONTAJE ACERO AL CARBONO DN200 PN16', 'CARRETE DESMONTAJE ACERO AL CARBONO DN200 PN16', 506.41, 48),
('40259', 5, 2, 'CARRETE DESMONTAJE ACERO AL CARBONO DN250 PN16', 'CARRETE DESMONTAJE ACERO AL CARBONO DN250 PN16', 611.22, 48),
('40260', 5, 2, 'CARRETE DESMONTAJE ACERO AL CARBONO DN50 PN16', 'CARRETE DESMONTAJE ACERO AL CARBONO DN50 PN16', 269.20, 48),
('40261', 5, 2, 'CARRETE DESMONTAJE ACERO AL CARBONO DN65 PN16', 'CARRETE DESMONTAJE ACERO AL CARBONO DN65 PN16', 279.13, 48),
('40262', 5, 2, 'CARRETE DESMONTAJE ACERO AL CARBONO DN80 PN16', 'CARRETE DESMONTAJE ACERO AL CARBONO DN80 PN16', 313.33, 48),
('40263', 5, 2, 'CARRETE EMBRIDADO ANCLAJE PASAMUROS DN300 1000MM PN16', 'CARRETE EMBRIDADO ANCLAJE PASAMUROS DN300 1000MM PN16', 445.37, 48),
('40264', 5, 2, 'CARRETE EMBRIDADO ANCLAJE PASAMUROS DN100 800MM PN16', 'CARRETE EMBRIDADO ANCLAJE PASAMUROS DN100 800MM PN16', 90.41, 48),
('40265', 5, 2, 'CARRETE EMBRIDADO ANCLAJE PASAMUROS DN150 800MM PN16', 'CARRETE EMBRIDADO ANCLAJE PASAMUROS DN150 800MM PN16', 142.01, 48),
('40266', 5, 2, 'CARRETE EMBRIDADO ANCLAJE PASAMUROS DN200 800MM PN16', 'CARRETE EMBRIDADO ANCLAJE PASAMUROS DN200 800MM PN16', 196.35, 48),
('40267', 5, 2, 'CARRETE EMBRIDADO ANCLAJE PASAMUROS DN250 800MM PN16', 'CARRETE EMBRIDADO ANCLAJE PASAMUROS DN250 800MM PN16', 301.59, 48),
('40268', 5, 2, 'CARRETE EMBRIDADO ANCLAJE PASAMUROS DN125 800MM PN16', 'CARRETE EMBRIDADO ANCLAJE PASAMUROS DN125 800MM PN16', 121.80, 48),
('40269', 5, 2, 'CARRETE EMBRIDADO ANCLAJE PASAMUROS DN80 800MM PN16', 'CARRETE EMBRIDADO ANCLAJE PASAMUROS DN80 800MM PN16', 69.94, 48),
('40270', 5, 2, 'CARRETE EMBRIDADO ANCLAJE PASAMUROS DN50 500MM PN16', 'CARRETE EMBRIDADO ANCLAJE PASAMUROS DN50 500MM PN16', 77.22, 48),
('40271', 5, 2, 'CARRETE EMBRIDADO ANCLAJE PASAMUROS DN65 500MM PN16', 'CARRETE EMBRIDADO ANCLAJE PASAMUROS DN65 500MM PN16', 77.22, 48),
('40272', 5, 2, 'CARRETE EMBRIDADO DN100 1000MM PN16', 'CARRETE EMBRIDADO DN100 1000MM PN16', 105.17, 48),
('40273', 5, 2, 'CARRETE EMBRIDADO DN100 100MM PN16', 'CARRETE EMBRIDADO DN100 100MM PN16', 33.33, 48),
('40274', 5, 2, 'CARRETE EMBRIDADO DN100 150MM PN16', 'CARRETE EMBRIDADO DN100 150MM PN16', 36.51, 48),
('40275', 5, 2, 'CARRETE EMBRIDADO DN100 200MM PN16', 'CARRETE EMBRIDADO DN100 200MM PN16', 40.57, 48);

-- Lote 4 (filas 301 a 400 de 1250)
INSERT INTO tbl_pres_precios (codigo, id_naturaleza, id_unidades, resumen, descripcion, coste, id_capitulo)
VALUES
('40276', 5, 2, 'CARRETE EMBRIDADO DN100 250MM PN16', 'CARRETE EMBRIDADO DN100 250MM PN16', 46.60, 48),
('40277', 5, 2, 'CARRETE EMBRIDADO DN100 300MM PN16', 'CARRETE EMBRIDADO DN100 300MM PN16', 45.23, 48),
('40278', 5, 2, 'CARRETE EMBRIDADO DN100 400MM PN16', 'CARRETE EMBRIDADO DN100 400MM PN16', 54.53, 48),
('40279', 5, 2, 'CARRETE EMBRIDADO DN100 500MM PN16', 'CARRETE EMBRIDADO DN100 500MM PN16', 62.45, 48),
('40280', 5, 2, 'CARRETE EMBRIDADO DN125 1000MM PN16', 'CARRETE EMBRIDADO DN125 1000MM PN16', 108.99, 48),
('40281', 5, 2, 'CARRETE EMBRIDADO DN125 250MM PN16', 'CARRETE EMBRIDADO DN125 250MM PN16', 63.15, 48),
('40282', 5, 2, 'CARRETE EMBRIDADO DN125 500MM PN16', 'CARRETE EMBRIDADO DN125 500MM PN16', 96.88, 48),
('40283', 5, 2, 'CARRETE EMBRIDADO DN150 1000MM PN16', 'CARRETE EMBRIDADO DN150 1000MM PN16', 160.01, 48),
('40284', 5, 2, 'CARRETE EMBRIDADO DN150 100MM PN16', 'CARRETE EMBRIDADO DN150 100MM PN16', 53.47, 48),
('40285', 5, 2, 'CARRETE EMBRIDADO DN150 150MM PN16', 'CARRETE EMBRIDADO DN150 150MM PN16', 53.93, 48),
('40286', 5, 2, 'CARRETE EMBRIDADO DN150 200MM PN16', 'CARRETE EMBRIDADO DN150 200MM PN16', 67.31, 48),
('40287', 5, 2, 'CARRETE EMBRIDADO DN150 250MM PN16', 'CARRETE EMBRIDADO DN150 250MM PN16', 74.52, 48),
('40288', 5, 2, 'CARRETE EMBRIDADO DN150 300MM PN16', 'CARRETE EMBRIDADO DN150 300MM PN16', 79.25, 48),
('40289', 5, 2, 'CARRETE EMBRIDADO DN150 400MM PN16', 'CARRETE EMBRIDADO DN150 400MM PN16', 94.42, 48),
('40290', 5, 2, 'CARRETE EMBRIDADO DN150 500MM PN16', 'CARRETE EMBRIDADO DN150 500MM PN16', 101.29, 48),
('40291', 5, 2, 'CARRETE EMBRIDADO DN200 1000MM PN16', 'CARRETE EMBRIDADO DN200 1000MM PN16', 233.67, 48),
('40292', 5, 2, 'CARRETE EMBRIDADO DN200 150MM PN16', 'CARRETE EMBRIDADO DN200 150MM PN16', 91.49, 48),
('40293', 5, 2, 'CARRETE EMBRIDADO DN200 200MM PN16', 'CARRETE EMBRIDADO DN200 200MM PN16', 93.02, 48),
('40294', 5, 2, 'CARRETE EMBRIDADO DN200 250MM PN16', 'CARRETE EMBRIDADO DN200 250MM PN16', 106.13, 48),
('40295', 5, 2, 'CARRETE EMBRIDADO DN200 300MM PN16', 'CARRETE EMBRIDADO DN200 300MM PN16', 126.19, 48),
('40296', 5, 2, 'CARRETE EMBRIDADO DN200 500MM PN16', 'CARRETE EMBRIDADO DN200 500MM PN16', 148.69, 48),
('40297', 5, 2, 'CARRETE EMBRIDADO DN250 1000MM PN16', 'CARRETE EMBRIDADO DN250 1000MM PN16', 299.34, 48),
('40298', 5, 2, 'CARRETE EMBRIDADO DN250 250MM PN16', 'CARRETE EMBRIDADO DN250 250MM PN16', 139.38, 48),
('40299', 5, 2, 'CARRETE EMBRIDADO DN250 500MM PN16', 'CARRETE EMBRIDADO DN250 500MM PN16', 207.79, 48),
('40300', 5, 2, 'CARRETE EMBRIDADO DN300 1000MM PN16', 'CARRETE EMBRIDADO DN300 1000MM PN16', 405.73, 48),
('40301', 5, 2, 'CARRETE EMBRIDADO DN300 250MM PN16', 'CARRETE EMBRIDADO DN300 250MM PN16', 202.10, 48),
('40302', 5, 2, 'CARRETE EMBRIDADO DN300 500MM PN16', 'CARRETE EMBRIDADO DN300 500MM PN16', 268.76, 48),
('40303', 5, 2, 'CARRETE EMBRIDADO DN50 500MM PN16', 'CARRETE EMBRIDADO DN50 500MM PN16', 36.44, 48),
('40304', 5, 2, 'CARRETE EMBRIDADO DN50 600MM PN16', 'CARRETE EMBRIDADO DN50 600MM PN16', 39.10, 48),
('40305', 5, 2, 'CARRETE EMBRIDADO DN65 250MM PN16', 'CARRETE EMBRIDADO DN65 250MM PN16', 32.99, 48),
('40306', 5, 2, 'CARRETE EMBRIDADO DN65 500MM PN16', 'CARRETE EMBRIDADO DN65 500MM PN16', 44.53, 48),
('40307', 5, 2, 'CARRETE EMBRIDADO DN80 1000MM PN16', 'CARRETE EMBRIDADO DN80 1000MM PN16', 79.74, 48),
('40308', 5, 2, 'CARRETE EMBRIDADO DN80 100MM PN16', 'CARRETE EMBRIDADO DN80 100MM PN16', 27.42, 48),
('40309', 5, 2, 'CARRETE EMBRIDADO DN80 150MM PN16', 'CARRETE EMBRIDADO DN80 150MM PN16', 30.09, 48),
('40310', 5, 2, 'CARRETE EMBRIDADO DN80 200MM PN16', 'CARRETE EMBRIDADO DN80 200MM PN16', 33.00, 48),
('40311', 5, 2, 'CARRETE EMBRIDADO DN80 250MM PN16', 'CARRETE EMBRIDADO DN80 250MM PN16', 36.88, 48),
('40312', 5, 2, 'CARRETE EMBRIDADO DN80 300MM PN16', 'CARRETE EMBRIDADO DN80 300MM PN16', 38.17, 48),
('40313', 5, 2, 'CARRETE EMBRIDADO DN80 400MM PN16', 'CARRETE EMBRIDADO DN80 400MM PN16', 44.25, 48),
('40314', 5, 2, 'CARRETE EMBRIDADO DN80 500MM PN16', 'CARRETE EMBRIDADO DN80 500MM PN16', 51.88, 48),
('40315', 5, 2, 'FILTRO VALVULA RETENCION 1', 'FILTRO VALVULA RETENCION 1', 2.82, 48),
('40316', 5, 2, 'FILTRO VALVULA RETENCION 1 1/2', 'FILTRO VALVULA RETENCION 1 1/2', 4.23, 48),
('40317', 5, 2, 'FILTRO VALVULA RETENCION 1 1/4', 'FILTRO VALVULA RETENCION 1 1/4', 3.34, 48),
('40318', 5, 2, 'FILTRO VALVULA RETENCION 1/2', 'FILTRO VALVULA RETENCION 1/2', 2.26, 48),
('40319', 5, 2, 'FILTRO VALVULA RETENCION 2', 'FILTRO VALVULA RETENCION 2', 5.35, 48),
('40320', 5, 2, 'FILTRO VALVULA RETENCION 2 1/2', 'FILTRO VALVULA RETENCION 2 1/2', 10.03, 48),
('40321', 5, 2, 'FILTRO VALVULA RETENCION 3', 'FILTRO VALVULA RETENCION 3', 12.33, 48),
('40322', 5, 2, 'FILTRO VALVULA RETENCION 3/4', 'FILTRO VALVULA RETENCION 3/4', 2.37, 48),
('40323', 5, 2, 'FILTRO VALVULA RETENCION 4', 'FILTRO VALVULA RETENCION 4', 16.79, 48),
('40324', 5, 2, 'CODO 45° ELECTROSOLDABLE DN110', 'CODO 45° ELECTROSOLDABLE DN110', 21.67, 48),
('40325', 5, 2, 'CODO 45° ELECTROSOLDABLE DN125', 'CODO 45° ELECTROSOLDABLE DN125', 34.82, 48),
('40326', 5, 2, 'CODO 45° ELECTROSOLDABLE DN140', 'CODO 45° ELECTROSOLDABLE DN140', 54.53, 48),
('40327', 5, 2, 'CODO 45° ELECTROSOLDABLE DN160', 'CODO 45° ELECTROSOLDABLE DN160', 55.44, 48),
('40328', 5, 2, 'CODO 45° ELECTROSOLDABLE DN180', 'CODO 45° ELECTROSOLDABLE DN180', 98.56, 48),
('40329', 5, 2, 'CODO 45° ELECTROSOLDABLE DN200', 'CODO 45° ELECTROSOLDABLE DN200', 135.67, 48),
('40330', 5, 2, 'CODO 45° ELECTROSOLDABLE DN225', 'CODO 45° ELECTROSOLDABLE DN225', 183.56, 48),
('40331', 5, 2, 'CODO 45° ELECTROSOLDABLE DN250', 'CODO 45° ELECTROSOLDABLE DN250', 257.50, 48),
('40332', 5, 2, 'CODO 45° ELECTROSOLDABLE DN32', 'CODO 45° ELECTROSOLDABLE DN32', 4.71, 48),
('40333', 5, 2, 'CODO 45° ELECTROSOLDABLE DN40', 'CODO 45° ELECTROSOLDABLE DN40', 6.86, 48),
('40334', 5, 2, 'CODO 45° ELECTROSOLDABLE DN50', 'CODO 45° ELECTROSOLDABLE DN50', 9.04, 48),
('40335', 5, 2, 'CODO 45° ELECTROSOLDABLE DN63', 'CODO 45° ELECTROSOLDABLE DN63', 7.53, 48),
('40336', 5, 2, 'CODO 45° ELECTROSOLDABLE DN75', 'CODO 45° ELECTROSOLDABLE DN75', 13.89, 48),
('40337', 5, 2, 'CODO 45° ELECTROSOLDABLE DN90', 'CODO 45° ELECTROSOLDABLE DN90', 15.67, 48),
('40338', 5, 2, 'CODO 45° ELECTROSOLDABLE Ø20', 'CODO 45° ELECTROSOLDABLE Ø20', 6.79, 48),
('40339', 5, 2, 'CODO 45° ELECTROSOLDABLE Ø25', 'CODO 45° ELECTROSOLDABLE Ø25', 6.80, 48),
('40340', 5, 2, 'CODO 45º ELECTROSOLDABLE DN 315', 'CODO 45º ELECTROSOLDABLE DN 315', 380.66, 48),
('40341', 5, 2, 'CODO 90 HH LATON 1', 'CODO 90 HH LATON 1', 4.65, 48),
('40342', 5, 2, 'CODO 90 HH LATON 1 1/2', 'CODO 90 HH LATON 1 1/2', 10.21, 48),
('40343', 5, 2, 'CODO 90 HH LATON 1 1/4', 'CODO 90 HH LATON 1 1/4', 7.19, 48),
('40344', 5, 2, 'CODO 90 HH LATON 1/2', 'CODO 90 HH LATON 1/2', 1.69, 48),
('40345', 5, 2, 'CODO 90 HH LATON 2', 'CODO 90 HH LATON 2', 15.11, 48),
('40346', 5, 2, 'CODO 90 HH LATON 2 1/2', 'CODO 90 HH LATON 2 1/2', 31.26, 48),
('40347', 5, 2, 'CODO 90 HH LATON 3', 'CODO 90 HH LATON 3', 51.74, 48),
('40348', 5, 2, 'CODO 90 HH LATON 3/4', 'CODO 90 HH LATON 3/4', 2.52, 48),
('40349', 5, 2, 'CODO 90 HH LATON 4', 'CODO 90 HH LATON 4', 88.74, 48),
('40350', 5, 2, 'CODO 90° ELECTROSOLDABLE DN110', 'CODO 90° ELECTROSOLDABLE DN110', 22.19, 48),
('40351', 5, 2, 'CODO 90° ELECTROSOLDABLE DN125', 'CODO 90° ELECTROSOLDABLE DN125', 34.79, 48),
('40352', 5, 2, 'CODO 90° ELECTROSOLDABLE DN140', 'CODO 90° ELECTROSOLDABLE DN140', 54.53, 48),
('40353', 5, 2, 'CODO 90° ELECTROSOLDABLE DN160', 'CODO 90° ELECTROSOLDABLE DN160', 56.39, 48),
('40354', 5, 2, 'CODO 90° ELECTROSOLDABLE DN200', 'CODO 90° ELECTROSOLDABLE DN200', 125.68, 48),
('40355', 5, 2, 'CODO 90° ELECTROSOLDABLE DN225', 'CODO 90° ELECTROSOLDABLE DN225', 175.56, 48),
('40356', 5, 2, 'CODO 90° ELECTROSOLDABLE DN250', 'CODO 90° ELECTROSOLDABLE DN250', 257.26, 48),
('40357', 5, 2, 'CODO 90° ELECTROSOLDABLE DN32', 'CODO 90° ELECTROSOLDABLE DN32', 5.38, 48),
('40358', 5, 2, 'CODO 90° ELECTROSOLDABLE DN40', 'CODO 90° ELECTROSOLDABLE DN40', 5.55, 48),
('40359', 5, 2, 'CODO 90° ELECTROSOLDABLE DN50', 'CODO 90° ELECTROSOLDABLE DN50', 7.95, 48),
('40360', 5, 2, 'CODO 90° ELECTROSOLDABLE DN63', 'CODO 90° ELECTROSOLDABLE DN63', 7.44, 48),
('40361', 5, 2, 'CODO 90° ELECTROSOLDABLE DN75', 'CODO 90° ELECTROSOLDABLE DN75', 13.46, 48),
('40362', 5, 2, 'CODO 90° ELECTROSOLDABLE DN90', 'CODO 90° ELECTROSOLDABLE DN90', 15.16, 48),
('40363', 5, 2, 'CODO 90° ELECTROSOLDABLE Ø20', 'CODO 90° ELECTROSOLDABLE Ø20', 6.79, 48),
('40364', 5, 2, 'CODO 90° ELECTROSOLDABLE Ø25', 'CODO 90° ELECTROSOLDABLE Ø25', 5.69, 48),
('40365', 5, 2, 'CODO 90º ELECTROSOLDABLE DN 315', 'CODO 90º ELECTROSOLDABLE DN 315', 379.53, 48),
('40366', 5, 2, 'CODO 90 M-H LATON 1', 'CODO 90 M-H LATON 1', 5.16, 48),
('40367', 5, 2, 'CODO 90 M-H LATON 1 1/2', 'CODO 90 M-H LATON 1 1/2', 12.64, 48),
('40368', 5, 2, 'CODO 90 M-H LATON 1 1/4', 'CODO 90 M-H LATON 1 1/4', 8.42, 48),
('40369', 5, 2, 'CODO 90 M-H LATON 1/2', 'CODO 90 M-H LATON 1/2', 1.66, 48),
('40370', 5, 2, 'CODO 90 M-H LATON 2', 'CODO 90 M-H LATON 2', 17.14, 48),
('40371', 5, 2, 'CODO 90 M-H LATON 2 1/2', 'CODO 90 M-H LATON 2 1/2', 40.52, 48),
('40372', 5, 2, 'CODO 90 M-H LATON 3', 'CODO 90 M-H LATON 3', 59.54, 48),
('40373', 5, 2, 'CODO 90 M-H LATON 3/4', 'CODO 90 M-H LATON 3/4', 2.98, 48),
('40374', 5, 2, 'CODO DOBLE BRIDA 11° DN100 PN16', 'CODO DOBLE BRIDA 11° DN100 PN16', 44.42, 48),
('40375', 5, 2, 'CODO DOBLE BRIDA 11° DN125 PN16', 'CODO DOBLE BRIDA 11° DN125 PN16', 61.40, 48);

-- Lote 5 (filas 401 a 500 de 1250)
INSERT INTO tbl_pres_precios (codigo, id_naturaleza, id_unidades, resumen, descripcion, coste, id_capitulo)
VALUES
('40376', 5, 2, 'CODO DOBLE BRIDA 11° DN150 PN16', 'CODO DOBLE BRIDA 11° DN150 PN16', 67.36, 48),
('40377', 5, 2, 'CODO DOBLE BRIDA 11° DN200 PN16', 'CODO DOBLE BRIDA 11° DN200 PN16', 104.95, 48),
('40378', 5, 2, 'CODO DOBLE BRIDA 11° DN250 PN16', 'CODO DOBLE BRIDA 11° DN250 PN16', 189.79, 48),
('40379', 5, 2, 'CODO DOBLE BRIDA 11° DN300 PN16', 'CODO DOBLE BRIDA 11° DN300 PN16', 271.14, 48),
('40380', 5, 2, 'CODO DOBLE BRIDA 11° DN65 PN16', 'CODO DOBLE BRIDA 11° DN65 PN16', 28.20, 48),
('40381', 5, 2, 'CODO DOBLE BRIDA 11° DN80 PN16', 'CODO DOBLE BRIDA 11° DN80 PN16', 39.16, 48),
('40382', 5, 2, 'CODO DOBLE BRIDA 22° DN100 PN16', 'CODO DOBLE BRIDA 22° DN100 PN16', 41.17, 48),
('40383', 5, 2, 'CODO DOBLE BRIDA 22° DN125 PN16', 'CODO DOBLE BRIDA 22° DN125 PN16', 50.80, 48),
('40384', 5, 2, 'CODO DOBLE BRIDA 22° DN150 PN16', 'CODO DOBLE BRIDA 22° DN150 PN16', 71.90, 48),
('40385', 5, 2, 'CODO DOBLE BRIDA 22° DN200 PN16', 'CODO DOBLE BRIDA 22° DN200 PN16', 118.07, 48),
('40386', 5, 2, 'CODO DOBLE BRIDA 22° DN250 PN16', 'CODO DOBLE BRIDA 22° DN250 PN16', 207.87, 48),
('40387', 5, 2, 'CODO DOBLE BRIDA 22° DN300 PN16', 'CODO DOBLE BRIDA 22° DN300 PN16', 270.76, 48),
('40388', 5, 2, 'CODO DOBLE BRIDA 22° DN65 PN16', 'CODO DOBLE BRIDA 22° DN65 PN16', 31.54, 48),
('40389', 5, 2, 'CODO DOBLE BRIDA 22° DN80 PN16', 'CODO DOBLE BRIDA 22° DN80 PN16', 33.60, 48),
('40390', 5, 2, 'CODO DOBLE BRIDA 45° DN100 PN16', 'CODO DOBLE BRIDA 45° DN100 PN16', 42.15, 48),
('40391', 5, 2, 'CODO DOBLE BRIDA 45° DN125 PN16', 'CODO DOBLE BRIDA 45° DN125 PN16', 54.23, 48),
('40392', 5, 2, 'CODO DOBLE BRIDA 45° DN150 PN16', 'CODO DOBLE BRIDA 45° DN150 PN16', 74.10, 48),
('40393', 5, 2, 'CODO DOBLE BRIDA 45° DN200 PN16', 'CODO DOBLE BRIDA 45° DN200 PN16', 110.48, 48),
('40394', 5, 2, 'CODO DOBLE BRIDA 45° DN250 PN16', 'CODO DOBLE BRIDA 45° DN250 PN16', 225.96, 48),
('40395', 5, 2, 'CODO DOBLE BRIDA 45° DN300 PN16', 'CODO DOBLE BRIDA 45° DN300 PN16', 270.78, 48),
('40396', 5, 2, 'CODO DOBLE BRIDA 45° DN50 PN16', 'CODO DOBLE BRIDA 45° DN50 PN16', 26.96, 48),
('40397', 5, 2, 'CODO DOBLE BRIDA 45° DN65 PN16', 'CODO DOBLE BRIDA 45° DN65 PN16', 29.87, 48),
('40398', 5, 2, 'CODO DOBLE BRIDA 45° DN80 PN16', 'CODO DOBLE BRIDA 45° DN80 PN16', 35.02, 48),
('40399', 5, 2, 'CODO DOBLE BRIDA 90° DN100 PN16', 'CODO DOBLE BRIDA 90° DN100 PN16', 46.22, 48),
('40400', 5, 2, 'CODO DOBLE BRIDA 90° DN125 PN16', 'CODO DOBLE BRIDA 90° DN125 PN16', 62.24, 48),
('40401', 5, 2, 'CODO DOBLE BRIDA 90° DN150 PN16', 'CODO DOBLE BRIDA 90° DN150 PN16', 81.63, 48),
('40402', 5, 2, 'CODO DOBLE BRIDA 90° DN200 PN16', 'CODO DOBLE BRIDA 90° DN200 PN16', 131.83, 48),
('40403', 5, 2, 'CODO DOBLE BRIDA 90° DN250 PN16', 'CODO DOBLE BRIDA 90° DN250 PN16', 260.08, 48),
('40404', 5, 2, 'CODO DOBLE BRIDA 90° DN300 PN16', 'CODO DOBLE BRIDA 90° DN300 PN16', 316.17, 48),
('40405', 5, 2, 'CODO DOBLE BRIDA 90° DN50 PN16', 'CODO DOBLE BRIDA 90° DN50 PN16', 26.96, 48),
('40406', 5, 2, 'CODO DOBLE BRIDA 90° DN65 PN16', 'CODO DOBLE BRIDA 90° DN65 PN16', 31.08, 48),
('40407', 5, 2, 'CODO DOBLE BRIDA 90° DN80 PN16', 'CODO DOBLE BRIDA 90° DN80 PN16', 36.41, 48),
('40408', 5, 2, 'CODO DOBLE ENCHUFE 11° DN100', 'CODO DOBLE ENCHUFE 11° DN100', 72.24, 48),
('40409', 5, 2, 'CODO DOBLE ENCHUFE 11° DN125', 'CODO DOBLE ENCHUFE 11° DN125', 91.06, 48),
('40410', 5, 2, 'CODO DOBLE ENCHUFE 11° DN150', 'CODO DOBLE ENCHUFE 11° DN150', 104.45, 48),
('40411', 5, 2, 'CODO DOBLE ENCHUFE 11° DN200', 'CODO DOBLE ENCHUFE 11° DN200', 143.93, 48),
('40412', 5, 2, 'CODO DOBLE ENCHUFE 11° DN250', 'CODO DOBLE ENCHUFE 11° DN250', 178.35, 48),
('40413', 5, 2, 'CODO DOBLE ENCHUFE 11° DN300', 'CODO DOBLE ENCHUFE 11° DN300', 231.29, 48),
('40414', 5, 2, 'CODO DOBLE ENCHUFE 11° DN80', 'CODO DOBLE ENCHUFE 11° DN80', 59.43, 48),
('40415', 5, 2, 'CODO DOBLE ENCHUFE 22° DN100', 'CODO DOBLE ENCHUFE 22° DN100', 74.25, 48),
('40416', 5, 2, 'CODO DOBLE ENCHUFE 22° DN125', 'CODO DOBLE ENCHUFE 22° DN125', 91.16, 48),
('40417', 5, 2, 'CODO DOBLE ENCHUFE 22° DN150', 'CODO DOBLE ENCHUFE 22° DN150', 110.29, 48),
('40418', 5, 2, 'CODO DOBLE ENCHUFE 22° DN200', 'CODO DOBLE ENCHUFE 22° DN200', 154.00, 48),
('40419', 5, 2, 'CODO DOBLE ENCHUFE 22° DN250', 'CODO DOBLE ENCHUFE 22° DN250', 227.62, 48),
('40420', 5, 2, 'CODO DOBLE ENCHUFE 22° DN300', 'CODO DOBLE ENCHUFE 22° DN300', 397.59, 48),
('40421', 5, 2, 'CODO DOBLE ENCHUFE 22° DN80', 'CODO DOBLE ENCHUFE 22° DN80', 59.43, 48),
('40422', 5, 2, 'CODO DOBLE ENCHUFE 45° DN100', 'CODO DOBLE ENCHUFE 45° DN100', 77.27, 48),
('40423', 5, 2, 'CODO DOBLE ENCHUFE 45° DN125', 'CODO DOBLE ENCHUFE 45° DN125', 91.48, 48),
('40424', 5, 2, 'CODO DOBLE ENCHUFE 45° DN150', 'CODO DOBLE ENCHUFE 45° DN150', 116.84, 48),
('40425', 5, 2, 'CODO DOBLE ENCHUFE 45° DN200', 'CODO DOBLE ENCHUFE 45° DN200', 168.58, 48),
('40426', 5, 2, 'CODO DOBLE ENCHUFE 45° DN250', 'CODO DOBLE ENCHUFE 45° DN250', 206.88, 48),
('40427', 5, 2, 'CODO DOBLE ENCHUFE 45° DN300', 'CODO DOBLE ENCHUFE 45° DN300', 353.44, 48),
('40428', 5, 2, 'CODO DOBLE ENCHUFE 45° DN80', 'CODO DOBLE ENCHUFE 45° DN80', 59.43, 48),
('40429', 5, 2, 'CODO DOBLE ENCHUFE 90° DN100', 'CODO DOBLE ENCHUFE 90° DN100', 79.78, 48),
('40430', 5, 2, 'CODO DOBLE ENCHUFE 90° DN125', 'CODO DOBLE ENCHUFE 90° DN125', 98.29, 48),
('40431', 5, 2, 'CODO DOBLE ENCHUFE 90° DN150', 'CODO DOBLE ENCHUFE 90° DN150', 120.86, 48),
('40432', 5, 2, 'CODO DOBLE ENCHUFE 90° DN200', 'CODO DOBLE ENCHUFE 90° DN200', 173.12, 48),
('40433', 5, 2, 'CODO DOBLE ENCHUFE 90° DN250', 'CODO DOBLE ENCHUFE 90° DN250', 240.66, 48),
('40434', 5, 2, 'CODO DOBLE ENCHUFE 90° DN300', 'CODO DOBLE ENCHUFE 90° DN300', 381.17, 48),
('40435', 5, 2, 'CODO DOBLE ENCHUFE 90° DN80', 'CODO DOBLE ENCHUFE 90° DN80', 59.43, 48),
('40436', 5, 2, 'CODO H-H 87° 250 PVC TEJA C/JUNTA', 'CODO H-H 87° 250 PVC TEJA C/JUNTA', 187.82, 48),
('40437', 5, 2, 'CODO M-H 15° 160 PVC TEJA C/JUNTA', 'CODO M-H 15° 160 PVC TEJA C/JUNTA', 6.51, 48),
('40438', 5, 2, 'CODO M-H 15° 200 PVC TEJA C/JUNTA', 'CODO M-H 15° 200 PVC TEJA C/JUNTA', 14.04, 48),
('40439', 5, 2, 'CODO M-H 15° 250 PVC TEJA C/JUNTA', 'CODO M-H 15° 250 PVC TEJA C/JUNTA', 23.66, 48),
('40440', 5, 2, 'CODO M-H 15° 315 PVC TEJA C/JUNTA', 'CODO M-H 15° 315 PVC TEJA C/JUNTA', 43.42, 48),
('40441', 5, 2, 'CODO M-H 15° 400 PVC TEJA C/JUNTA', 'CODO M-H 15° 400 PVC TEJA C/JUNTA', 98.66, 48),
('40442', 5, 2, 'CODO M-H 15° 500 PVC TEJA C/JUNTA', 'CODO M-H 15° 500 PVC TEJA C/JUNTA', 710.09, 48),
('40443', 5, 2, 'CODO M-H 30° 160 PVC TEJA C/JUNTA', 'CODO M-H 30° 160 PVC TEJA C/JUNTA', 7.64, 48),
('40444', 5, 2, 'CODO M-H 30° 200 PVC TEJA C/JUNTA', 'CODO M-H 30° 200 PVC TEJA C/JUNTA', 16.39, 48),
('40445', 5, 2, 'CODO M-H 30° 250 PVC TEJA C/JUNTA', 'CODO M-H 30° 250 PVC TEJA C/JUNTA', 28.79, 48),
('40446', 5, 2, 'CODO M-H 30° 315 PVC TEJA C/JUNTA', 'CODO M-H 30° 315 PVC TEJA C/JUNTA', 49.57, 48),
('40447', 5, 2, 'CODO M-H 30° 400 PVC TEJA C/JUNTA', 'CODO M-H 30° 400 PVC TEJA C/JUNTA', 104.84, 48),
('40448', 5, 2, 'CODO M-H 30° 500 PVC TEJA C/JUNTA', 'CODO M-H 30° 500 PVC TEJA C/JUNTA', 713.32, 48),
('40449', 5, 2, 'CODO M-H 45° 110 PVC TEJA C/JUNTA', 'CODO M-H 45° 110 PVC TEJA C/JUNTA', 3.82, 48),
('40450', 5, 2, 'CODO M-H 45° 125 PVC TEJA C/JUNTA', 'CODO M-H 45° 125 PVC TEJA C/JUNTA', 5.54, 48),
('40451', 5, 2, 'CODO M-H 45° 160 PVC TEJA C/JUNTA', 'CODO M-H 45° 160 PVC TEJA C/JUNTA', 6.96, 48),
('40452', 5, 2, 'CODO M-H 45° 200 PVC TEJA C/JUNTA', 'CODO M-H 45° 200 PVC TEJA C/JUNTA', 14.69, 48),
('40453', 5, 2, 'CODO M-H 45° 250 PVC TEJA C/JUNTA', 'CODO M-H 45° 250 PVC TEJA C/JUNTA', 32.94, 48),
('40454', 5, 2, 'CODO M-H 45° 315 PVC TEJA C/JUNTA', 'CODO M-H 45° 315 PVC TEJA C/JUNTA', 53.41, 48),
('40455', 5, 2, 'CODO M-H 45° 400 PVC TEJA C/JUNTA', 'CODO M-H 45° 400 PVC TEJA C/JUNTA', 173.29, 48),
('40456', 5, 2, 'CODO M-H 45° 500 PVC TEJA C/JUNTA', 'CODO M-H 45° 500 PVC TEJA C/JUNTA', 194.29, 48),
('40457', 5, 2, 'CODO M-H 45° 630 PVC TEJA C/JUNTA', 'CODO M-H 45° 630 PVC TEJA C/JUNTA', 1260.82, 48),
('40458', 5, 2, 'CODO M-H 67° 160 PVC TEJA C/JUNTA', 'CODO M-H 67° 160 PVC TEJA C/JUNTA', 7.25, 48),
('40459', 5, 2, 'CODO M-H 67° 200 PVC TEJA C/JUNTA', 'CODO M-H 67° 200 PVC TEJA C/JUNTA', 18.71, 48),
('40460', 5, 2, 'CODO M-H 87° 110 PVC TEJA C/JUNTA', 'CODO M-H 87° 110 PVC TEJA C/JUNTA', 4.39, 48),
('40461', 5, 2, 'CODO M-H 87° 125 PVC TEJA C/JUNTA', 'CODO M-H 87° 125 PVC TEJA C/JUNTA', 5.35, 48),
('40462', 5, 2, 'CODO M-H 87° 160 PVC TEJA C/JUNTA', 'CODO M-H 87° 160 PVC TEJA C/JUNTA', 11.34, 48),
('40463', 5, 2, 'CODO M-H 87° 200 PVC TEJA C/JUNTA', 'CODO M-H 87° 200 PVC TEJA C/JUNTA', 17.21, 48),
('40464', 5, 2, 'CODO M-H 87° 250 PVC TEJA C/JUNTA', 'CODO M-H 87° 250 PVC TEJA C/JUNTA', 36.09, 48),
('40465', 5, 2, 'CODO M-H 87° 315 PVC TEJA C/JUNTA', 'CODO M-H 87° 315 PVC TEJA C/JUNTA', 80.69, 48),
('40466', 5, 2, 'CODO M-H 87° 400 PVC TEJA C/JUNTA', 'CODO M-H 87° 400 PVC TEJA C/JUNTA', 203.22, 48),
('40467', 5, 2, 'CODO M-H 87° 500 PVC TEJA C/JUNTA', 'CODO M-H 87° 500 PVC TEJA C/JUNTA', 347.26, 48),
('40468', 5, 2, 'CODO M-H 87° 630 PVC TEJA C/JUNTA', 'CODO M-H 87° 630 PVC TEJA C/JUNTA', 1033.47, 48),
('40469', 5, 2, 'CODO UNION 90° 1', 'CODO UNION 90° 1', 23.08, 48),
('40470', 5, 2, 'CODO UNION 90° 1 1/2', 'CODO UNION 90° 1 1/2', 31.39, 48),
('40471', 5, 2, 'CODO UNION 90° 1 1/4', 'CODO UNION 90° 1 1/4', 28.04, 48),
('40472', 5, 2, 'CODO UNION 90° 1/2', 'CODO UNION 90° 1/2', 17.82, 48),
('40473', 5, 2, 'CODO UNION 90° 2', 'CODO UNION 90° 2', 51.16, 48),
('40474', 5, 2, 'CODO UNION 90° 3/4', 'CODO UNION 90° 3/4', 20.90, 48),
('40475', 5, 2, 'COLLARIN FUNDICION DE TOMA PVC/PE Ø125 SALIDA 1', 'COLLARIN FUNDICION DE TOMA PVC/PE Ø125 SALIDA 1', 26.00, 48);

-- Lote 6 (filas 501 a 600 de 1250)
INSERT INTO tbl_pres_precios (codigo, id_naturaleza, id_unidades, resumen, descripcion, coste, id_capitulo)
VALUES
('40476', 5, 2, 'COLLARIN FUNDICION DE TOMA PVC/PE Ø125 SALIDA 2', 'COLLARIN FUNDICION DE TOMA PVC/PE Ø125 SALIDA 2', 27.79, 48),
('40477', 5, 2, 'COLLARIN FUNDICION DE TOMA PVC/PE Ø200 SALIDA 1', 'COLLARIN FUNDICION DE TOMA PVC/PE Ø200 SALIDA 1', 50.23, 48),
('40478', 5, 2, 'COLLARIN FUNDICION DE TOMA PVC/PE Ø200 SALIDA 2', 'COLLARIN FUNDICION DE TOMA PVC/PE Ø200 SALIDA 2', 56.57, 48),
('40479', 5, 2, 'COLLARIN TOMA PE 110-1"', 'COLLARIN TOMA PE 110-1"', 28.37, 48),
('40480', 5, 2, 'COLLARIN TOMA PE 110-2"', 'COLLARIN TOMA PE 110-2"', 28.37, 48),
('40481', 5, 2, 'COLLARIN TOMA PE 160-1"', 'COLLARIN TOMA PE 160-1"', 38.16, 48),
('40482', 5, 2, 'COLLARIN TOMA PE 160-2"', 'COLLARIN TOMA PE 160-2"', 38.16, 48),
('40483', 5, 2, 'COLLARIN TOMA PE 63-1"', 'COLLARIN TOMA PE 63-1"', 25.10, 48),
('40484', 5, 2, 'COLLARIN TOMA PE 63-2"', 'COLLARIN TOMA PE 63-2"', 25.10, 48),
('40485', 5, 2, 'COLLARIN TOMA PE 75-1"', 'COLLARIN TOMA PE 75-1"', 26.20, 48),
('40486', 5, 2, 'COLLARIN TOMA PE 75-2"', 'COLLARIN TOMA PE 75-2"', 26.20, 48),
('40487', 5, 2, 'COLLARIN TOMA PE 90-1"', 'COLLARIN TOMA PE 90-1"', 27.29, 48),
('40488', 5, 2, 'COLLARIN TOMA PE 90-2"', 'COLLARIN TOMA PE 90-2"', 27.29, 48),
('40489', 5, 2, 'CONO DOBLE BRIDA REDUCIDO DN100-40 PN16', 'CONO DOBLE BRIDA REDUCIDO DN100-40 PN16', 33.09, 48),
('40490', 5, 2, 'CONO DOBLE BRIDA REDUCIDO DN100-50 PN16', 'CONO DOBLE BRIDA REDUCIDO DN100-50 PN16', 32.76, 48),
('40491', 5, 2, 'CONO DOBLE BRIDA REDUCIDO DN100-60 PN16', 'CONO DOBLE BRIDA REDUCIDO DN100-60 PN16', 34.84, 48),
('40492', 5, 2, 'CONO DOBLE BRIDA REDUCIDO DN100-60/65 PN16', 'CONO DOBLE BRIDA REDUCIDO DN100-60/65 PN16', 34.84, 48),
('40493', 5, 2, 'CONO DOBLE BRIDA REDUCIDO DN100-80 PN16', 'CONO DOBLE BRIDA REDUCIDO DN100-80 PN16', 35.54, 48),
('40494', 5, 2, 'CONO DOBLE BRIDA REDUCIDO DN125-100 PN16', 'CONO DOBLE BRIDA REDUCIDO DN125-100 PN16', 46.82, 48),
('40495', 5, 2, 'CONO DOBLE BRIDA REDUCIDO DN125-50 PN16', 'CONO DOBLE BRIDA REDUCIDO DN125-50 PN16', 42.32, 48),
('40496', 5, 2, 'CONO DOBLE BRIDA REDUCIDO DN125-60/65 PN16', 'CONO DOBLE BRIDA REDUCIDO DN125-60/65 PN16', 43.04, 48),
('40497', 5, 2, 'CONO DOBLE BRIDA REDUCIDO DN125-80 PN16', 'CONO DOBLE BRIDA REDUCIDO DN125-80 PN16', 43.45, 48),
('40498', 5, 2, 'CONO DOBLE BRIDA REDUCIDO DN150-100 PN16', 'CONO DOBLE BRIDA REDUCIDO DN150-100 PN16', 49.59, 48),
('40499', 5, 2, 'CONO DOBLE BRIDA REDUCIDO DN150-125 PN16', 'CONO DOBLE BRIDA REDUCIDO DN150-125 PN16', 57.58, 48),
('40500', 5, 2, 'CONO DOBLE BRIDA REDUCIDO DN150-50 PN16', 'CONO DOBLE BRIDA REDUCIDO DN150-50 PN16', 47.24, 48),
('40501', 5, 2, 'CONO DOBLE BRIDA REDUCIDO DN150-60/65 PN16', 'CONO DOBLE BRIDA REDUCIDO DN150-60/65 PN16', 50.24, 48),
('40502', 5, 2, 'CONO DOBLE BRIDA REDUCIDO DN150-80 PN16', 'CONO DOBLE BRIDA REDUCIDO DN150-80 PN16', 47.50, 48),
('40503', 5, 2, 'CONO DOBLE BRIDA REDUCIDO DN200-100 PN16', 'CONO DOBLE BRIDA REDUCIDO DN200-100 PN16', 74.79, 48),
('40504', 5, 2, 'CONO DOBLE BRIDA REDUCIDO DN200-125 PN16', 'CONO DOBLE BRIDA REDUCIDO DN200-125 PN16', 80.72, 48),
('40505', 5, 2, 'CONO DOBLE BRIDA REDUCIDO DN200-150 PN16', 'CONO DOBLE BRIDA REDUCIDO DN200-150 PN16', 95.19, 48),
('40506', 5, 2, 'CONO DOBLE BRIDA REDUCIDO DN200-150 PN16', 'CONO DOBLE BRIDA REDUCIDO DN200-150 PN16', 102.86, 48),
('40507', 5, 2, 'CONO DOBLE BRIDA REDUCIDO DN200-80 PN16', 'CONO DOBLE BRIDA REDUCIDO DN200-80 PN16', 80.51, 48),
('40508', 5, 2, 'CONO DOBLE BRIDA REDUCIDO DN250-100 PN16', 'CONO DOBLE BRIDA REDUCIDO DN250-100 PN16', 110.29, 48),
('40509', 5, 2, 'CONO DOBLE BRIDA REDUCIDO DN250-125 PN16', 'CONO DOBLE BRIDA REDUCIDO DN250-125 PN16', 110.28, 48),
('40510', 5, 2, 'CONO DOBLE BRIDA REDUCIDO DN250-150 PN16', 'CONO DOBLE BRIDA REDUCIDO DN250-150 PN16', 114.70, 48),
('40511', 5, 2, 'CONO DOBLE BRIDA REDUCIDO DN250-200 PN16', 'CONO DOBLE BRIDA REDUCIDO DN250-200 PN16', 132.73, 48),
('40512', 5, 2, 'CONO DOBLE BRIDA REDUCIDO DN250-80 PN16', 'CONO DOBLE BRIDA REDUCIDO DN250-80 PN16', 108.03, 48),
('40513', 5, 2, 'CONO DOBLE BRIDA REDUCIDO DN300-100 PN16', 'CONO DOBLE BRIDA REDUCIDO DN300-100 PN16', 200.03, 48),
('40514', 5, 2, 'CONO DOBLE BRIDA REDUCIDO DN300-150 PN16', 'CONO DOBLE BRIDA REDUCIDO DN300-150 PN16', 200.02, 48),
('40515', 5, 2, 'CONO DOBLE BRIDA REDUCIDO DN300-200 PN16', 'CONO DOBLE BRIDA REDUCIDO DN300-200 PN16', 201.08, 48),
('40516', 5, 2, 'CONO DOBLE BRIDA REDUCIDO DN300-250 PN16', 'CONO DOBLE BRIDA REDUCIDO DN300-250 PN16', 209.66, 48),
('40517', 5, 2, 'CONO DOBLE BRIDA REDUCIDO DN350-200 PN16', 'CONO DOBLE BRIDA REDUCIDO DN350-200 PN16', 223.29, 48),
('40518', 5, 2, 'CONO DOBLE BRIDA REDUCIDO DN350-250 PN16', 'CONO DOBLE BRIDA REDUCIDO DN350-250 PN16', 250.52, 48),
('40519', 5, 2, 'CONO DOBLE BRIDA REDUCIDO DN350-300 PN16', 'CONO DOBLE BRIDA REDUCIDO DN350-300 PN16', 277.78, 48),
('40520', 5, 2, 'CONO DOBLE BRIDA REDUCIDO DN400-200 PN16', 'CONO DOBLE BRIDA REDUCIDO DN400-200 PN16', 276.82, 48),
('40521', 5, 2, 'CONO DOBLE BRIDA REDUCIDO DN400-250 PN16', 'CONO DOBLE BRIDA REDUCIDO DN400-250 PN16', 273.50, 48),
('40522', 5, 2, 'CONO DOBLE BRIDA REDUCIDO DN400-300 PN16', 'CONO DOBLE BRIDA REDUCIDO DN400-300 PN16', 300.49, 48),
('40523', 5, 2, 'CONO DOBLE BRIDA REDUCIDO DN400-300 PN16                       ', 'CONO DOBLE BRIDA REDUCIDO DN400-300 PN16                       ', 300.49, 48),
('40524', 5, 2, 'CONO DOBLE BRIDA REDUCIDO DN400-350 PN16', 'CONO DOBLE BRIDA REDUCIDO DN400-350 PN16', 338.22, 48),
('40525', 5, 2, 'CONO DOBLE BRIDA REDUCIDO DN80-50 PN16', 'CONO DOBLE BRIDA REDUCIDO DN80-50 PN16', 28.83, 48),
('40526', 5, 2, 'CONO DOBLE BRIDA REDUCIDO DN80-60/65 PN16', 'CONO DOBLE BRIDA REDUCIDO DN80-60/65 PN16', 30.46, 48),
('40527', 5, 2, 'CONO DOBLE BRIDA REDUCIDODN65-40 PN16', 'CONO DOBLE BRIDA REDUCIDODN65-40 PN16', 23.83, 48),
('40528', 5, 2, 'CONO DOBLE BRIDA REDUCIDODN65-50 PN16', 'CONO DOBLE BRIDA REDUCIDODN65-50 PN16', 28.11, 48),
('40529', 5, 2, 'CONO DOBLE BRIDA REDUCIDODN80-40 PN16', 'CONO DOBLE BRIDA REDUCIDODN80-40 PN16', 28.44, 48),
('40530', 5, 2, 'CONO POZO Ø100X60 H:70 HORMIGON EN MASA ESPESOR 10', 'CONO POZO Ø100X60 H:70 HORMIGON EN MASA ESPESOR 10', 54.78, 48),
('40531', 5, 2, 'CRUZ BBBB DN100 PN16', 'CRUZ BBBB DN100 PN16', 102.33, 48),
('40532', 5, 2, 'CRUZ BBBB DN125 PN16', 'CRUZ BBBB DN125 PN16', 142.30, 48),
('40533', 5, 2, 'CRUZ BBBB DN150 PN16', 'CRUZ BBBB DN150 PN16', 177.20, 48),
('40534', 5, 2, 'CRUZ BBBB DN200 PN16', 'CRUZ BBBB DN200 PN16', 275.55, 48),
('40535', 5, 2, 'CRUZ BBBB DN80 PN16', 'CRUZ BBBB DN80 PN16', 91.71, 48),
('40536', 5, 2, 'DERIVACION 45° M-H 110 PVC TEJA C/JUNTA', 'DERIVACION 45° M-H 110 PVC TEJA C/JUNTA', 9.52, 48),
('40537', 5, 2, 'DERIVACION 45° M-H 125 PVC TEJA C/JUNTA', 'DERIVACION 45° M-H 125 PVC TEJA C/JUNTA', 12.95, 48),
('40538', 5, 2, 'DERIVACION 45° M-H 160 PVC TEJA C/JUNTA', 'DERIVACION 45° M-H 160 PVC TEJA C/JUNTA', 19.25, 48),
('40539', 5, 2, 'DERIVACION 45° M-H 200 PVC TEJA C/JUNTA', 'DERIVACION 45° M-H 200 PVC TEJA C/JUNTA', 38.85, 48),
('40540', 5, 2, 'DERIVACION 45° M-H 250 PVC TEJA C/JUNTA', 'DERIVACION 45° M-H 250 PVC TEJA C/JUNTA', 71.94, 48),
('40541', 5, 2, 'DERIVACION 45° M-H 315 PVC TEJA C/JUNTA', 'DERIVACION 45° M-H 315 PVC TEJA C/JUNTA', 201.00, 48),
('40542', 5, 2, 'DERIVACION 45° M-H 400 PVC TEJA C/JUNTA', 'DERIVACION 45° M-H 400 PVC TEJA C/JUNTA', 130.82, 48),
('40543', 5, 2, 'DERIVACION 87° M-H 110 PVC TEJA C/JUNTA', 'DERIVACION 87° M-H 110 PVC TEJA C/JUNTA', 5.91, 48),
('40544', 5, 2, 'DERIVACION 87° M-H PVC TEJA C/JUNTA 125', 'DERIVACION 87° M-H PVC TEJA C/JUNTA 125', 10.61, 48),
('40545', 5, 2, 'DERIVACION 87° M-H PVC TEJA C/JUNTA 160', 'DERIVACION 87° M-H PVC TEJA C/JUNTA 160', 14.07, 48),
('40546', 5, 2, 'DERIVACION 87° M-H PVC TEJA C/JUNTA 200', 'DERIVACION 87° M-H PVC TEJA C/JUNTA 200', 19.61, 48),
('40547', 5, 2, 'DERIVACION 87° M-H PVC TEJA C/JUNTA 250', 'DERIVACION 87° M-H PVC TEJA C/JUNTA 250', 41.50, 48),
('40548', 5, 2, 'DERIVACION 87° M-H PVC TEJA C/JUNTA 315', 'DERIVACION 87° M-H PVC TEJA C/JUNTA 315', 137.65, 48),
('40549', 5, 2, 'DERIVACION 87° M-H PVC TEJA C/JUNTA 400', 'DERIVACION 87° M-H PVC TEJA C/JUNTA 400', 288.69, 48),
('40550', 5, 2, 'EMISOR IMPULSOS (CUALQUIER MARCA, MODELO Y Ø DE CONTADOR)', 'EMISOR IMPULSOS (CUALQUIER MARCA, MODELO Y Ø DE CONTADOR)', 86.88, 48),
('40551', 5, 2, 'ENLACE ROSCA H LATON POLIETILENO 20X1/2', 'ENLACE ROSCA H LATON POLIETILENO 20X1/2', 7.78, 48),
('40552', 5, 2, 'ENLACE ROSCA H LATON POLIETILENO 25X3/4', 'ENLACE ROSCA H LATON POLIETILENO 25X3/4', 9.62, 48),
('40553', 5, 2, 'ENLACE ROSCA H LATON POLIETILENO 32X1', 'ENLACE ROSCA H LATON POLIETILENO 32X1', 13.30, 48),
('40554', 5, 2, 'ENLACE ROSCA H LATON POLIETILENO 40X1 1/4', 'ENLACE ROSCA H LATON POLIETILENO 40X1 1/4', 19.62, 48),
('40555', 5, 2, 'ENLACE ROSCA H LATON POLIETILENO 50X1 1/2', 'ENLACE ROSCA H LATON POLIETILENO 50X1 1/2', 29.87, 48),
('40556', 5, 2, 'ENLACE ROSCA H LATON POLIETILENO 63X2', 'ENLACE ROSCA H LATON POLIETILENO 63X2', 49.50, 48),
('40557', 5, 2, 'ENLACE ROSCA H LATON POLIETILENO 75X2 1/2', 'ENLACE ROSCA H LATON POLIETILENO 75X2 1/2', 45.85, 48),
('40558', 5, 2, 'ENLACE ROSCA H LATON POLIETILENO 90X3', 'ENLACE ROSCA H LATON POLIETILENO 90X3', 73.22, 48),
('40559', 5, 2, 'ENLACE ROSCA M LATON POLIETILENO 110X4', 'ENLACE ROSCA M LATON POLIETILENO 110X4', 110.73, 48),
('40560', 5, 2, 'ENLACE ROSCA M LATON POLIETILENO 20X1/2', 'ENLACE ROSCA M LATON POLIETILENO 20X1/2', 7.77, 48),
('40561', 5, 2, 'ENLACE ROSCA M LATON POLIETILENO 25X3/4', 'ENLACE ROSCA M LATON POLIETILENO 25X3/4', 7.78, 48),
('40562', 5, 2, 'ENLACE ROSCA M LATON POLIETILENO 32X1', 'ENLACE ROSCA M LATON POLIETILENO 32X1', 12.60, 48),
('40563', 5, 2, 'ENLACE ROSCA M LATON POLIETILENO 40X1 1/4', 'ENLACE ROSCA M LATON POLIETILENO 40X1 1/4', 19.62, 48),
('40564', 5, 2, 'ENLACE ROSCA M LATON POLIETILENO 50X1 1/2', 'ENLACE ROSCA M LATON POLIETILENO 50X1 1/2', 27.85, 48),
('40565', 5, 2, 'ENLACE ROSCA M LATON POLIETILENO 63X2', 'ENLACE ROSCA M LATON POLIETILENO 63X2', 50.70, 48),
('40566', 5, 2, 'ENLACE ROSCA M LATON POLIETILENO 75X2 1/2', 'ENLACE ROSCA M LATON POLIETILENO 75X2 1/2', 51.94, 48),
('40567', 5, 2, 'ENLACE ROSCA M LATON POLIETILENO 90X3', 'ENLACE ROSCA M LATON POLIETILENO 90X3', 66.58, 48),
('40568', 5, 2, 'FILTRO AGUA EN Y DOBLE MALLA 1 0-100ºC 16BAR', 'FILTRO AGUA EN Y DOBLE MALLA 1 0-100ºC 16BAR', 8.32, 48),
('40569', 5, 2, 'FILTRO AGUA EN Y DOBLE MALLA 1 1/2 0-100ºC 16BAR', 'FILTRO AGUA EN Y DOBLE MALLA 1 1/2 0-100ºC 16BAR', 23.44, 48),
('40570', 5, 2, 'FILTRO AGUA EN Y DOBLE MALLA 1 1/4 0-100ºC 16BAR', 'FILTRO AGUA EN Y DOBLE MALLA 1 1/4 0-100ºC 16BAR', 17.29, 48),
('40571', 5, 2, 'FILTRO AGUA EN Y DOBLE MALLA 1/2 0-100ºC 16BAR', 'FILTRO AGUA EN Y DOBLE MALLA 1/2 0-100ºC 16BAR', 3.67, 48),
('40572', 5, 2, 'FILTRO EN Y DN100 EMBRIDADO', 'FILTRO EN Y DN100 EMBRIDADO', 129.35, 48),
('40573', 5, 2, 'FILTRO EN Y DN125 EMBRIDADO', 'FILTRO EN Y DN125 EMBRIDADO', 184.92, 48),
('40574', 5, 2, 'FILTRO EN Y DN150 EMBRIDADO', 'FILTRO EN Y DN150 EMBRIDADO', 257.74, 48),
('40575', 5, 2, 'FILTRO EN Y DN200 EMBRIDADO', 'FILTRO EN Y DN200 EMBRIDADO', 452.93, 48);

-- Lote 7 (filas 601 a 700 de 1250)
INSERT INTO tbl_pres_precios (codigo, id_naturaleza, id_unidades, resumen, descripcion, coste, id_capitulo)
VALUES
('40576', 5, 2, 'FILTRO EN Y DN250 EMBRIDADO', 'FILTRO EN Y DN250 EMBRIDADO', 768.54, 48),
('40577', 5, 2, 'FILTRO EN Y DN300 EMBRIDADO', 'FILTRO EN Y DN300 EMBRIDADO', 1144.07, 48),
('40578', 5, 2, 'FILTRO EN Y DN50 EMBRIDADO', 'FILTRO EN Y DN50 EMBRIDADO', 57.31, 48),
('40579', 5, 2, 'FILTRO EN Y DN65 EMBRIDADO', 'FILTRO EN Y DN65 EMBRIDADO', 84.34, 48),
('40580', 5, 2, 'FILTRO EN Y DN80 EMBRIDADO', 'FILTRO EN Y DN80 EMBRIDADO', 99.98, 48),
('40581', 5, 2, 'FLOTADOR ESPECIAL 1 1/2 C/VARILLA DESLIZANTE', 'FLOTADOR ESPECIAL 1 1/2 C/VARILLA DESLIZANTE', 68.74, 48),
('40582', 5, 2, 'FLOTADOR ESPECIAL 1 1/4 C/VARILLA DESLIZANTE', 'FLOTADOR ESPECIAL 1 1/4 C/VARILLA DESLIZANTE', 54.75, 48),
('40583', 5, 2, 'FLOTADOR ESPECIAL 1 C/VARILLA DESLIZANTE', 'FLOTADOR ESPECIAL 1 C/VARILLA DESLIZANTE', 21.43, 48),
('40584', 5, 2, 'FLOTADOR ESPECIAL 1/2 C/VARILLA DESLIZANTE', 'FLOTADOR ESPECIAL 1/2 C/VARILLA DESLIZANTE', 11.12, 48),
('40585', 5, 2, 'FLOTADOR ESPECIAL 2 C/VARILLA DESLIZANTE', 'FLOTADOR ESPECIAL 2 C/VARILLA DESLIZANTE', 94.49, 48),
('40586', 5, 2, 'FLOTADOR ESPECIAL 3/4 C/VARILLA DESLIZANTE', 'FLOTADOR ESPECIAL 3/4 C/VARILLA DESLIZANTE', 16.44, 48),
('40587', 5, 1, 'GRAVA DE CANTERA', 'GRAVA DE CANTERA', 25.68, 48),
('40588', 5, 1, 'GRIJO', 'GRIJO', 25.68, 48),
('40589', 5, 2, 'HIDRANTE CON MARCO+TAPA ENTERRADO DN100 2SALIDAS 70MM', 'HIDRANTE CON MARCO+TAPA ENTERRADO DN100 2SALIDAS 70MM', 486.80, 48),
('40590', 5, 4, 'HORMIGÓN SEGÚN PPTP', 'HORMIGÓN SEGÚN PPTP', 123.50, 48),
('40591', 5, 2, 'IMBORNAL SIFONICO 46X26X46 CON FONDO', 'IMBORNAL SIFONICO 46X26X46 CON FONDO', 31.83, 48),
('40592', 5, 2, 'JUNTA PLANA EPDM CON LENGUETA DN100', 'JUNTA PLANA EPDM CON LENGUETA DN100', 1.14, 48),
('40593', 5, 2, 'JUNTA PLANA EPDM CON LENGUETA DN125', 'JUNTA PLANA EPDM CON LENGUETA DN125', 1.28, 48),
('40594', 5, 2, 'JUNTA PLANA EPDM CON LENGUETA DN150', 'JUNTA PLANA EPDM CON LENGUETA DN150', 1.50, 48),
('40595', 5, 2, 'JUNTA PLANA EPDM CON LENGUETA DN200', 'JUNTA PLANA EPDM CON LENGUETA DN200', 3.01, 48),
('40596', 5, 2, 'JUNTA PLANA EPDM CON LENGUETA DN250', 'JUNTA PLANA EPDM CON LENGUETA DN250', 3.42, 48),
('40597', 5, 2, 'JUNTA PLANA EPDM CON LENGUETA DN300', 'JUNTA PLANA EPDM CON LENGUETA DN300', 5.36, 48),
('40598', 5, 2, 'JUNTA PLANA EPDM CON LENGUETA DN50', 'JUNTA PLANA EPDM CON LENGUETA DN50', 0.70, 48),
('40599', 5, 2, 'JUNTA PLANA EPDM CON LENGUETA DN60', 'JUNTA PLANA EPDM CON LENGUETA DN60', 0.73, 48),
('40600', 5, 2, 'JUNTA PLANA EPDM CON LENGUETA DN65', 'JUNTA PLANA EPDM CON LENGUETA DN65', 0.81, 48),
('40601', 5, 2, 'JUNTA PLANA EPDM CON LENGUETA DN80', 'JUNTA PLANA EPDM CON LENGUETA DN80', 0.95, 48),
('40602', 5, 2, 'LADRILLO MACIZO PERFORADO 10 9,8X11,2X23,8CM', 'LADRILLO MACIZO PERFORADO 10 9,8X11,2X23,8CM', 0.25, 48),
('40603', 5, 2, 'LADRILLO RASILLA 25 2,8X11,5X24CM', 'LADRILLO RASILLA 25 2,8X11,5X24CM', 0.37, 48),
('40604', 5, 2, 'LADRILLO SUPER MACHETON 32 6,5X14,8X32CM', 'LADRILLO SUPER MACHETON 32 6,5X14,8X32CM', 0.41, 48),
('40605', 5, 2, 'LADRILLO TABICON HUECO DOBLE 8,3X11,2X24,1CM', 'LADRILLO TABICON HUECO DOBLE 8,3X11,2X24,1CM', 0.18, 48),
('40606', 5, 2, 'LÍQUIDO IMPERMEABILIZANTE 5L', 'LÍQUIDO IMPERMEABILIZANTE 5L', 10.82, 48),
('40607', 5, 2, 'MALLAZO 15X15X5 (6X2,2)', 'MALLAZO 15X15X5 (6X2,2)', 19.93, 48),
('40608', 5, 2, 'MANGUITO LATON 1', 'MANGUITO LATON 1', 2.73, 48),
('40609', 5, 2, 'MANGUITO LATON 1 1/2', 'MANGUITO LATON 1 1/2', 5.55, 48),
('40610', 5, 2, 'MANGUITO LATON 1 1/4', 'MANGUITO LATON 1 1/4', 4.30, 48),
('40611', 5, 2, 'MANGUITO LATON 1/2', 'MANGUITO LATON 1/2', 1.28, 48),
('40612', 5, 2, 'MANGUITO LATON 2', 'MANGUITO LATON 2', 9.96, 48),
('40613', 5, 2, 'MANGUITO LATON 2 1/2', 'MANGUITO LATON 2 1/2', 20.09, 48),
('40614', 5, 2, 'MANGUITO LATON 3', 'MANGUITO LATON 3', 32.74, 48),
('40615', 5, 2, 'MANGUITO LATON 3/4', 'MANGUITO LATON 3/4', 2.29, 48),
('40616', 5, 2, 'MANGUITO LATON 4', 'MANGUITO LATON 4', 61.77, 48),
('40617', 5, 2, 'MANGUITO CONEXION ROSCA IZDA 3/4-DCHA 3/4', 'MANGUITO CONEXION ROSCA IZDA 3/4-DCHA 3/4', 1.69, 48),
('40618', 5, 2, 'MANGUITO CONEXION ROSCA IZDA 3/4-DCHA 7/8', 'MANGUITO CONEXION ROSCA IZDA 3/4-DCHA 7/8', 1.78, 48),
('40619', 5, 2, 'MANGUITO CONEXION ROSCA IZDA LL13-DCHA 3/4', 'MANGUITO CONEXION ROSCA IZDA LL13-DCHA 3/4', 1.69, 48),
('40620', 5, 2, 'MANGUITO CONEXION ROSCA IZDA LL13-DCHA 7/8', 'MANGUITO CONEXION ROSCA IZDA LL13-DCHA 7/8', 2.05, 48),
('40621', 5, 2, 'MANGUITO DILATACION H-H SIN TOPE 110 PVC TEJA C/JUNTA', 'MANGUITO DILATACION H-H SIN TOPE 110 PVC TEJA C/JUNTA', 3.11, 48),
('40622', 5, 2, 'MANGUITO DILATACION H-H SIN TOPE 125 PVC TEJA C/JUNTA', 'MANGUITO DILATACION H-H SIN TOPE 125 PVC TEJA C/JUNTA', 4.84, 48),
('40623', 5, 2, 'MANGUITO DILATACION H-H SIN TOPE 160 PVC TEJA C/JUNTA', 'MANGUITO DILATACION H-H SIN TOPE 160 PVC TEJA C/JUNTA', 5.20, 48),
('40624', 5, 2, 'MANGUITO DILATACION H-H SIN TOPE 200 PVC TEJA C/JUNTA', 'MANGUITO DILATACION H-H SIN TOPE 200 PVC TEJA C/JUNTA', 9.70, 48),
('40625', 5, 2, 'MANGUITO DILATACION H-H SIN TOPE 250 PVC TEJA C/JUNTA', 'MANGUITO DILATACION H-H SIN TOPE 250 PVC TEJA C/JUNTA', 32.47, 48),
('40626', 5, 2, 'MANGUITO DILATACION H-H SIN TOPE 315 PVC TEJA C/JUNTA', 'MANGUITO DILATACION H-H SIN TOPE 315 PVC TEJA C/JUNTA', 48.79, 48),
('40627', 5, 2, 'MANGUITO DILATACION H-H SIN TOPE 400 PVC TEJA C/JUNTA', 'MANGUITO DILATACION H-H SIN TOPE 400 PVC TEJA C/JUNTA', 94.97, 48),
('40628', 5, 2, 'MANGUITO DILATACION H-H SIN TOPE 500 PVC TEJA C/JUNTA', 'MANGUITO DILATACION H-H SIN TOPE 500 PVC TEJA C/JUNTA', 87.78, 48),
('40629', 5, 2, 'MANGUITO ELECTROSOLDABLE DN110', 'MANGUITO ELECTROSOLDABLE DN110', 6.27, 48),
('40630', 5, 2, 'MANGUITO ELECTROSOLDABLE DN125', 'MANGUITO ELECTROSOLDABLE DN125', 9.08, 48),
('40631', 5, 2, 'MANGUITO ELECTROSOLDABLE DN140', 'MANGUITO ELECTROSOLDABLE DN140', 12.53, 48),
('40632', 5, 2, 'MANGUITO ELECTROSOLDABLE DN160', 'MANGUITO ELECTROSOLDABLE DN160', 11.42, 48),
('40633', 5, 2, 'MANGUITO ELECTROSOLDABLE DN180', 'MANGUITO ELECTROSOLDABLE DN180', 29.28, 48),
('40634', 5, 2, 'MANGUITO ELECTROSOLDABLE DN20', 'MANGUITO ELECTROSOLDABLE DN20', 1.83, 48),
('40635', 5, 2, 'MANGUITO ELECTROSOLDABLE DN200', 'MANGUITO ELECTROSOLDABLE DN200', 22.19, 48),
('40636', 5, 2, 'MANGUITO ELECTROSOLDABLE DN225', 'MANGUITO ELECTROSOLDABLE DN225', 38.57, 48),
('40637', 5, 2, 'MANGUITO ELECTROSOLDABLE DN25', 'MANGUITO ELECTROSOLDABLE DN25', 1.83, 48),
('40638', 5, 2, 'MANGUITO ELECTROSOLDABLE DN250', 'MANGUITO ELECTROSOLDABLE DN250', 41.56, 48),
('40639', 5, 2, 'MANGUITO ELECTROSOLDABLE DN315', 'MANGUITO ELECTROSOLDABLE DN315', 72.62, 48),
('40640', 5, 2, 'MANGUITO ELECTROSOLDABLE DN32', 'MANGUITO ELECTROSOLDABLE DN32', 1.84, 48),
('40641', 5, 2, 'MANGUITO ELECTROSOLDABLE DN40', 'MANGUITO ELECTROSOLDABLE DN40', 2.42, 48),
('40642', 5, 2, 'MANGUITO ELECTROSOLDABLE DN400', 'MANGUITO ELECTROSOLDABLE DN400', 199.62, 48),
('40643', 5, 2, 'MANGUITO ELECTROSOLDABLE DN50', 'MANGUITO ELECTROSOLDABLE DN50', 2.75, 48),
('40644', 5, 2, 'MANGUITO ELECTROSOLDABLE DN63', 'MANGUITO ELECTROSOLDABLE DN63', 2.78, 48),
('40645', 5, 2, 'MANGUITO ELECTROSOLDABLE DN75', 'MANGUITO ELECTROSOLDABLE DN75', 4.73, 48),
('40646', 5, 2, 'MANGUITO ELECTROSOLDABLE DN90', 'MANGUITO ELECTROSOLDABLE DN90', 5.08, 48),
('40647', 5, 2, 'MANGUITO ENCHUFE DN100', 'MANGUITO ENCHUFE DN100', 69.55, 48),
('40648', 5, 2, 'MANGUITO ENCHUFE DN125 ', 'MANGUITO ENCHUFE DN125 ', 91.77, 48),
('40649', 5, 2, 'MANGUITO ENCHUFE DN150', 'MANGUITO ENCHUFE DN150', 97.79, 48),
('40650', 5, 2, 'MANGUITO ENCHUFE DN200', 'MANGUITO ENCHUFE DN200', 132.61, 48),
('40651', 5, 2, 'MANGUITO ENCHUFE DN250', 'MANGUITO ENCHUFE DN250', 193.59, 48),
('40652', 5, 2, 'MANGUITO ENCHUFE DN80', 'MANGUITO ENCHUFE DN80', 66.22, 48),
('40653', 5, 2, 'MANGUITO LATON POLIETILENO 110X110', 'MANGUITO LATON POLIETILENO 110X110', 197.02, 48),
('40654', 5, 2, 'MANGUITO LATON POLIETILENO 20X20', 'MANGUITO LATON POLIETILENO 20X20', 13.68, 48),
('40655', 5, 2, 'MANGUITO LATON POLIETILENO 25X25', 'MANGUITO LATON POLIETILENO 25X25', 13.30, 48),
('40656', 5, 2, 'MANGUITO LATON POLIETILENO 32X32', 'MANGUITO LATON POLIETILENO 32X32', 21.08, 48),
('40657', 5, 2, 'MANGUITO LATON POLIETILENO 40X40', 'MANGUITO LATON POLIETILENO 40X40', 26.64, 48),
('40658', 5, 2, 'MANGUITO LATON POLIETILENO 50X50', 'MANGUITO LATON POLIETILENO 50X50', 50.91, 48),
('40659', 5, 2, 'MANGUITO LATON POLIETILENO 63X63', 'MANGUITO LATON POLIETILENO 63X63', 85.14, 48),
('40660', 5, 2, 'MANGUITO LATON POLIETILENO 75X75', 'MANGUITO LATON POLIETILENO 75X75', 79.44, 48),
('40661', 5, 2, 'MANGUITO LATON POLIETILENO 90X90', 'MANGUITO LATON POLIETILENO 90X90', 110.39, 48),
('40662', 5, 2, 'MANGUITO REPARACION LATON POLIETILENO 20X20', 'MANGUITO REPARACION LATON POLIETILENO 20X20', 21.08, 48),
('40663', 5, 2, 'MANGUITO REPARACION LATON POLIETILENO 25X25', 'MANGUITO REPARACION LATON POLIETILENO 25X25', 20.36, 48),
('40664', 5, 2, 'MANGUITO REPARACION LATON POLIETILENO 32X32', 'MANGUITO REPARACION LATON POLIETILENO 32X32', 22.55, 48),
('40665', 5, 2, 'MANGUITO REPARACION LATON POLIETILENO 40X40', 'MANGUITO REPARACION LATON POLIETILENO 40X40', 39.59, 48),
('40666', 5, 2, 'MANGUITO REPARACION LATON POLIETILENO 50X50', 'MANGUITO REPARACION LATON POLIETILENO 50X50', 70.09, 48),
('40667', 5, 2, 'MANGUITO REPARACION LATON POLIETILENO 63X63', 'MANGUITO REPARACION LATON POLIETILENO 63X63', 111.72, 48),
('40668', 5, 2, 'MANOMETRO 25 BAR RADIAL GLICERINA Ø100 1/2 M ', 'MANOMETRO 25 BAR RADIAL GLICERINA Ø100 1/2 M ', 23.77, 48),
('40669', 5, 2, 'MANOMETRO GLICERINA   4 BAR RADIAL Ø63', 'MANOMETRO GLICERINA   4 BAR RADIAL Ø63', 7.76, 48),
('40670', 5, 2, 'MANOMETRO GLICERINA   6 BAR RADIAL Ø63', 'MANOMETRO GLICERINA   6 BAR RADIAL Ø63', 7.76, 48),
('40671', 5, 2, 'MANOMETRO GLICERINA  10 BAR RADIAL Ø63', 'MANOMETRO GLICERINA  10 BAR RADIAL Ø63', 8.28, 48),
('40672', 5, 2, 'MANOMETRO GLICERINA  16 BAR RADIAL Ø63', 'MANOMETRO GLICERINA  16 BAR RADIAL Ø63', 7.77, 48),
('40673', 5, 2, 'MANOMETRO GLICERINA 25 BAR RADIAL Ø63 ', 'MANOMETRO GLICERINA 25 BAR RADIAL Ø63 ', 7.76, 48),
('40674', 5, 2, 'MODULO RADIO 868MHZ OMS WIRELESS M-BUS TOTALIZ PLA', 'MODULO RADIO 868MHZ OMS WIRELESS M-BUS TOTALIZ PLA', 65.41, 48),
('40675', 5, 2, 'PATE DE POLIPROPILENO RECTO BILBAO NARANJA 330X160X80MM', 'PATE DE POLIPROPILENO RECTO BILBAO NARANJA 330X160X80MM', 6.65, 48);

-- Lote 8 (filas 701 a 800 de 1250)
INSERT INTO tbl_pres_precios (codigo, id_naturaleza, id_unidades, resumen, descripcion, coste, id_capitulo)
VALUES
('40676', 5, 2, 'PERFIL IPE 1500X100X50', 'PERFIL IPE 1500X100X50', 14.48, 48),
('40677', 5, 2, 'PLACA DE REDUCCION DN100-50 PN16', 'PLACA DE REDUCCION DN100-50 PN16', 100.33, 48),
('40678', 5, 2, 'PLACA DE REDUCCION DN100-65 PN16', 'PLACA DE REDUCCION DN100-65 PN16', 97.54, 48),
('40679', 5, 2, 'PLACA DE REDUCCION DN100-80 PN16', 'PLACA DE REDUCCION DN100-80 PN16', 94.99, 48),
('40680', 5, 2, 'PLACA DE REDUCCION DN125-100 PN16', 'PLACA DE REDUCCION DN125-100 PN16', 122.92, 48),
('40681', 5, 2, 'PLACA DE REDUCCION DN125-80 PN16', 'PLACA DE REDUCCION DN125-80 PN16', 126.94, 48),
('40682', 5, 2, 'PLACA DE REDUCCION DN150-100 PN16', 'PLACA DE REDUCCION DN150-100 PN16', 143.76, 48),
('40683', 5, 2, 'PLACA DE REDUCCION DN150-125 PN16', 'PLACA DE REDUCCION DN150-125 PN16', 140.27, 48),
('40684', 5, 2, 'PLACA DE REDUCCION DN150-80 PN16', 'PLACA DE REDUCCION DN150-80 PN16', 146.93, 48),
('40685', 5, 2, 'PLACA DE REDUCCION DN200-100 PN16', 'PLACA DE REDUCCION DN200-100 PN16', 192.54, 48),
('40686', 5, 2, 'PLACA DE REDUCCION DN200-125 PN16 ', 'PLACA DE REDUCCION DN200-125 PN16 ', 189.99, 48),
('40687', 5, 2, 'PLACA DE REDUCCION DN200-150 PN16 ', 'PLACA DE REDUCCION DN200-150 PN16 ', 203.56, 48),
('40688', 5, 2, 'PLACA DE REDUCCION DN200-65 PN16', 'PLACA DE REDUCCION DN200-65 PN16', 57.52, 48),
('40689', 5, 2, 'PLACA DE REDUCCION DN200-80 PN16', 'PLACA DE REDUCCION DN200-80 PN16', 194.76, 48),
('40690', 5, 2, 'PLACA DE REDUCCION DN80-50 PN16', 'PLACA DE REDUCCION DN80-50 PN16', 86.95, 48),
('40691', 5, 2, 'PLACA DE REDUCCION DN80-65 PN16', 'PLACA DE REDUCCION DN80-65 PN16', 85.87, 48),
('40692', 5, 2, 'PORTABRIDAS LARGO PE100 Ø110 SDR11 PN16 TOPE-INYECTADO', 'PORTABRIDAS LARGO PE100 Ø110 SDR11 PN16 TOPE-INYECTADO', 7.91, 48),
('40693', 5, 2, 'PORTABRIDAS LARGO PE100 Ø125 SDR11 PN16 TOPE-INYECTADO', 'PORTABRIDAS LARGO PE100 Ø125 SDR11 PN16 TOPE-INYECTADO', 10.32, 48),
('40694', 5, 2, 'PORTABRIDAS LARGO PE100 Ø140 SDR11 PN16 TOPE-INYECTADO', 'PORTABRIDAS LARGO PE100 Ø140 SDR11 PN16 TOPE-INYECTADO', 13.25, 48),
('40695', 5, 2, 'PORTABRIDAS LARGO PE100 Ø160 SDR11 PN16 TOPE-INYECTADO', 'PORTABRIDAS LARGO PE100 Ø160 SDR11 PN16 TOPE-INYECTADO', 15.61, 48),
('40696', 5, 2, 'PORTABRIDAS LARGO PE100 Ø180 SDR11 PN16 TOPE-INYECTADO', 'PORTABRIDAS LARGO PE100 Ø180 SDR11 PN16 TOPE-INYECTADO', 23.95, 48),
('40697', 5, 2, 'PORTABRIDAS LARGO PE100 Ø200 SDR11 PN16 TOPE-INYECTADO', 'PORTABRIDAS LARGO PE100 Ø200 SDR11 PN16 TOPE-INYECTADO', 27.89, 48),
('40698', 5, 2, 'PORTABRIDAS LARGO PE100 Ø225 SDR11 PN16 TOPE-INYECTADO', 'PORTABRIDAS LARGO PE100 Ø225 SDR11 PN16 TOPE-INYECTADO', 30.18, 48),
('40699', 5, 2, 'PORTABRIDAS LARGO PE100 Ø250 SDR11 PN16 TOPE-INYECTADO', 'PORTABRIDAS LARGO PE100 Ø250 SDR11 PN16 TOPE-INYECTADO', 41.27, 48),
('40700', 5, 2, 'PORTABRIDAS LARGO PE100 Ø280 SDR11 PN16 TOPE-INYECTADO', 'PORTABRIDAS LARGO PE100 Ø280 SDR11 PN16 TOPE-INYECTADO', 72.54, 48),
('40701', 5, 2, 'PORTABRIDAS LARGO PE100 Ø315 SDR11 PN16 TOPE-INYECTADO', 'PORTABRIDAS LARGO PE100 Ø315 SDR11 PN16 TOPE-INYECTADO', 84.10, 48),
('40702', 5, 2, 'PORTABRIDAS LARGO PE100 Ø32 SDR11 PN16 TOPE-INYECTADO', 'PORTABRIDAS LARGO PE100 Ø32 SDR11 PN16 TOPE-INYECTADO', 2.87, 48),
('40703', 5, 2, 'PORTABRIDAS LARGO PE100 Ø40 SDR11 PN16 TOPE-INYECTADO', 'PORTABRIDAS LARGO PE100 Ø40 SDR11 PN16 TOPE-INYECTADO', 3.17, 48),
('40704', 5, 2, 'PORTABRIDAS LARGO PE100 Ø400 SDR11 PN16 TOPE-INYECTADO', 'PORTABRIDAS LARGO PE100 Ø400 SDR11 PN16 TOPE-INYECTADO', 122.10, 48),
('40705', 5, 2, 'PORTABRIDAS LARGO PE100 Ø50 SDR11 PN16 TOPE-INYECTADO', 'PORTABRIDAS LARGO PE100 Ø50 SDR11 PN16 TOPE-INYECTADO', 3.56, 48),
('40706', 5, 2, 'PORTABRIDAS LARGO PE100 Ø63 SDR11 PN16 TOPE-INYECTADO', 'PORTABRIDAS LARGO PE100 Ø63 SDR11 PN16 TOPE-INYECTADO', 4.02, 48),
('40707', 5, 2, 'PORTABRIDAS LARGO PE100 Ø75 SDR11 PN16 TOPE-INYECTADO', 'PORTABRIDAS LARGO PE100 Ø75 SDR11 PN16 TOPE-INYECTADO', 5.53, 48),
('40708', 5, 2, 'PORTABRIDAS LARGO PE100 Ø90 SDR11 PN16 TOPE-INYECTADO', 'PORTABRIDAS LARGO PE100 Ø90 SDR11 PN16 TOPE-INYECTADO', 6.72, 48),
('40709', 5, 2, 'PRECINTO CONTADOR', 'PRECINTO CONTADOR', 1.11, 48),
('40710', 5, 2, 'RACOR BARCELONA 45MM ROSCA M 1 1/2"', 'RACOR BARCELONA 45MM ROSCA M 1 1/2"', 31.71, 48),
('40711', 5, 2, 'RACOR BARCELONA 70MM ROSCA M 2 1/2"', 'RACOR BARCELONA 70MM ROSCA M 2 1/2"', 35.19, 48),
('40712', 5, 2, 'RACOR CONTADOR 1', 'RACOR CONTADOR 1', 6.65, 48),
('40713', 5, 2, 'RACOR CONTADOR 1 1/2', 'RACOR CONTADOR 1 1/2', 18.84, 48),
('40714', 5, 2, 'RACOR CONTADOR 1 1/4', 'RACOR CONTADOR 1 1/4', 8.25, 48),
('40715', 5, 2, 'RACOR CONTADOR 2', 'RACOR CONTADOR 2', 23.47, 48),
('40716', 5, 2, 'RACOR CONTADOR 2 1/2', 'RACOR CONTADOR 2 1/2', 33.17, 48),
('40717', 5, 2, 'RACOR CONTADOR 3/4', 'RACOR CONTADOR 3/4', 4.28, 48),
('40718', 5, 2, 'RACOR CONTADOR 7/8', 'RACOR CONTADOR 7/8', 4.93, 48),
('40719', 5, 2, 'RACOR TE ROSCA HEMBRA 1 1/2X50', 'RACOR TE ROSCA HEMBRA 1 1/2X50', 24.52, 48),
('40720', 5, 2, 'RACOR TE ROSCA HEMBRA 1 1/4X40', 'RACOR TE ROSCA HEMBRA 1 1/4X40', 20.45, 48),
('40721', 5, 2, 'RACOR TE ROSCA HEMBRA 1/2X20', 'RACOR TE ROSCA HEMBRA 1/2X20', 10.86, 48),
('40722', 5, 2, 'RACOR TE ROSCA HEMBRA 1/32', 'RACOR TE ROSCA HEMBRA 1/32', 15.29, 48),
('40723', 5, 2, 'RACOR TE ROSCA HEMBRA 2X63', 'RACOR TE ROSCA HEMBRA 2X63', 37.95, 48),
('40724', 5, 2, 'RACOR TE ROSCA HEMBRA 3/4X25', 'RACOR TE ROSCA HEMBRA 3/4X25', 12.85, 48),
('40725', 5, 2, 'RACOR TE ROSCA HEMBRA 3/8', 'RACOR TE ROSCA HEMBRA 3/8', 10.86, 48),
('40726', 5, 2, 'RACOR UNION 1 1/2X50 ROSCA MACHO', 'RACOR UNION 1 1/2X50 ROSCA MACHO', 16.15, 48),
('40727', 5, 2, 'RACOR UNION 1 1/4X40 ROSCA MACHO', 'RACOR UNION 1 1/4X40 ROSCA MACHO', 13.30, 48),
('40728', 5, 2, 'RACOR UNION 1/2X20 ROSCA MACHO', 'RACOR UNION 1/2X20 ROSCA MACHO', 7.51, 48),
('40729', 5, 2, 'RACOR UNION 1X32 ROSCA MACHO', 'RACOR UNION 1X32 ROSCA MACHO', 9.50, 48),
('40730', 5, 2, 'RACOR UNION 2X60,3 ROSCA MACHO', 'RACOR UNION 2X60,3 ROSCA MACHO', 22.67, 48),
('40731', 5, 2, 'RACOR UNION 3/4X25 ROSCA MACHO', 'RACOR UNION 3/4X25 ROSCA MACHO', 8.41, 48),
('40732', 5, 2, 'RACOR UNION 3/8X16 ROSCA MACHO', 'RACOR UNION 3/8X16 ROSCA MACHO', 7.51, 48),
('40733', 5, 2, 'RACOR UNION 1 1/2X50 ROSCA HEMBRA', 'RACOR UNION 1 1/2X50 ROSCA HEMBRA', 16.23, 48),
('40734', 5, 2, 'RACOR UNION 1 1/4X40 ROSCA HEMBRA', 'RACOR UNION 1 1/4X40 ROSCA HEMBRA', 13.58, 48),
('40735', 5, 2, 'RACOR UNION 1/2X20 ROSCA HEMBRA', 'RACOR UNION 1/2X20 ROSCA HEMBRA', 7.60, 48),
('40736', 5, 2, 'RACOR UNION 1X32 ROSCA HEMBRA', 'RACOR UNION 1X32 ROSCA HEMBRA', 9.55, 48),
('40737', 5, 2, 'RACOR UNION 2X63 ROSCA HEMBRA', 'RACOR UNION 2X63 ROSCA HEMBRA', 23.84, 48),
('40738', 5, 2, 'RACOR UNION 3/4X25 ROSCA HEMBRA', 'RACOR UNION 3/4X25 ROSCA HEMBRA', 8.55, 48),
('40739', 5, 2, 'RACOR UNION 3/8 ROSCA HEMBRA', 'RACOR UNION 3/8 ROSCA HEMBRA', 7.60, 48),
('40740', 5, 2, 'RACOR UNION 1 1/2 MANGUITO', 'RACOR UNION 1 1/2 MANGUITO', 23.49, 48),
('40741', 5, 2, 'RACOR UNION 1 1/4 MANGUITO', 'RACOR UNION 1 1/4 MANGUITO', 17.82, 48),
('40742', 5, 2, 'RACOR UNION 1 MANGUITO', 'RACOR UNION 1 MANGUITO', 14.20, 48),
('40743', 5, 2, 'RACOR UNION 1/2 MANGUITO', 'RACOR UNION 1/2 MANGUITO', 9.82, 48),
('40744', 5, 2, 'RACOR UNION 2 MANGUITO', 'RACOR UNION 2 MANGUITO', 35.78, 48),
('40745', 5, 2, 'RACOR UNION 3/4 MANGUITO', 'RACOR UNION 3/4 MANGUITO', 12.35, 48),
('40746', 5, 2, 'RACOR UNION 3/8 MANGUITO', 'RACOR UNION 3/8 MANGUITO', 9.82, 48),
('40747', 5, 2, 'REDUCCION LATON 1 1/2X1', 'REDUCCION LATON 1 1/2X1', 3.68, 48),
('40748', 5, 2, 'REDUCCION LATON 1 1/2X1 1/4', 'REDUCCION LATON 1 1/2X1 1/4', 2.81, 48),
('40749', 5, 2, 'REDUCCION LATON 1 1/2X1/2', 'REDUCCION LATON 1 1/2X1/2', 3.85, 48),
('40750', 5, 2, 'REDUCCION LATON 1 1/2X3/4 ', 'REDUCCION LATON 1 1/2X3/4 ', 3.73, 48),
('40751', 5, 2, 'REDUCCION LATON 1 1/4X1', 'REDUCCION LATON 1 1/4X1', 2.73, 48),
('40752', 5, 2, 'REDUCCION LATON 1 1/4X1/2', 'REDUCCION LATON 1 1/4X1/2', 3.20, 48),
('40753', 5, 2, 'REDUCCION LATON 1 1/4X3/4', 'REDUCCION LATON 1 1/4X3/4', 3.14, 48),
('40754', 5, 2, 'REDUCCION LATON 1X1/2', 'REDUCCION LATON 1X1/2', 1.90, 48),
('40755', 5, 2, 'REDUCCION LATON 1x3/4', 'REDUCCION LATON 1x3/4', 1.45, 48),
('40756', 5, 2, 'REDUCCION LATON 2 1/2X1 1/2', 'REDUCCION LATON 2 1/2X1 1/2', 12.77, 48),
('40757', 5, 2, 'REDUCCION LATON 2 1/2X1 1/4', 'REDUCCION LATON 2 1/2X1 1/4', 13.80, 48),
('40758', 5, 2, 'REDUCCION LATON 2 1/2X2', 'REDUCCION LATON 2 1/2X2', 12.12, 48),
('40759', 5, 2, 'REDUCCION LATON 2X1', 'REDUCCION LATON 2X1', 7.00, 48),
('40760', 5, 2, 'REDUCCION LATON 2X1 1/2', 'REDUCCION LATON 2X1 1/2', 5.50, 48),
('40761', 5, 2, 'REDUCCION LATON 2X1 1/4', 'REDUCCION LATON 2X1 1/4', 7.33, 48),
('40762', 5, 2, 'REDUCCION LATON 2X1/2', 'REDUCCION LATON 2X1/2', 7.27, 48),
('40763', 5, 2, 'REDUCCION LATON 2X3/4', 'REDUCCION LATON 2X3/4', 7.25, 48),
('40764', 5, 2, 'REDUCCION LATON 3/4x1/2', 'REDUCCION LATON 3/4x1/2', 0.93, 48),
('40765', 5, 2, 'REDUCCION LATON 3X1 1/2', 'REDUCCION LATON 3X1 1/2', 26.74, 48),
('40766', 5, 2, 'REDUCCION LATON 3X1 1/4', 'REDUCCION LATON 3X1 1/4', 27.81, 48),
('40767', 5, 2, 'REDUCCION LATON 3X2', 'REDUCCION LATON 3X2', 23.02, 48),
('40768', 5, 2, 'REDUCCION LATON 3X2 1/2', 'REDUCCION LATON 3X2 1/2', 15.89, 48),
('40769', 5, 2, 'REDUCCION LATON 4X2', 'REDUCCION LATON 4X2', 41.01, 48),
('40770', 5, 2, 'REDUCCION LATON 4X2 1/2', 'REDUCCION LATON 4X2 1/2', 39.21, 48),
('40771', 5, 2, 'REDUCCION LATON 4X3', 'REDUCCION LATON 4X3', 38.12, 48),
('40772', 5, 2, 'REDUCCION ELECTROSOLDABLE DN110/63', 'REDUCCION ELECTROSOLDABLE DN110/63', 17.67, 48),
('40773', 5, 2, 'REDUCCION ELECTROSOLDABLE DN110/90', 'REDUCCION ELECTROSOLDABLE DN110/90', 18.25, 48),
('40774', 5, 2, 'REDUCCION ELECTROSOLDABLE DN125/110', 'REDUCCION ELECTROSOLDABLE DN125/110', 32.17, 48),
('40775', 5, 2, 'REDUCCION ELECTROSOLDABLE DN125/90', 'REDUCCION ELECTROSOLDABLE DN125/90', 32.16, 48);

-- Lote 9 (filas 801 a 900 de 1250)
INSERT INTO tbl_pres_precios (codigo, id_naturaleza, id_unidades, resumen, descripcion, coste, id_capitulo)
VALUES
('40776', 5, 2, 'REDUCCION ELECTROSOLDABLE DN160/110', 'REDUCCION ELECTROSOLDABLE DN160/110', 41.65, 48),
('40777', 5, 2, 'REDUCCION ELECTROSOLDABLE DN160/125', 'REDUCCION ELECTROSOLDABLE DN160/125', 58.14, 48),
('40778', 5, 2, 'REDUCCION ELECTROSOLDABLE DN160/90', 'REDUCCION ELECTROSOLDABLE DN160/90', 47.36, 48),
('40779', 5, 2, 'REDUCCION ELECTROSOLDABLE DN200/160', 'REDUCCION ELECTROSOLDABLE DN200/160', 87.85, 48),
('40780', 5, 2, 'REDUCCION ELECTROSOLDABLE DN32/20', 'REDUCCION ELECTROSOLDABLE DN32/20', 4.16, 48),
('40781', 5, 2, 'REDUCCION ELECTROSOLDABLE DN32/25', 'REDUCCION ELECTROSOLDABLE DN32/25', 4.17, 48),
('40782', 5, 2, 'REDUCCION ELECTROSOLDABLE DN40/32', 'REDUCCION ELECTROSOLDABLE DN40/32', 5.73, 48),
('40783', 5, 2, 'REDUCCION ELECTROSOLDABLE DN50/32', 'REDUCCION ELECTROSOLDABLE DN50/32', 6.35, 48),
('40784', 5, 2, 'REDUCCION ELECTROSOLDABLE DN50/40', 'REDUCCION ELECTROSOLDABLE DN50/40', 7.05, 48),
('40785', 5, 2, 'REDUCCION ELECTROSOLDABLE DN63/32', 'REDUCCION ELECTROSOLDABLE DN63/32', 8.80, 48),
('40786', 5, 2, 'REDUCCION ELECTROSOLDABLE DN63/40', 'REDUCCION ELECTROSOLDABLE DN63/40', 7.84, 48),
('40787', 5, 2, 'REDUCCION ELECTROSOLDABLE DN63/50', 'REDUCCION ELECTROSOLDABLE DN63/50', 7.84, 48),
('40788', 5, 2, 'REDUCCION ELECTROSOLDABLE DN75/63', 'REDUCCION ELECTROSOLDABLE DN75/63', 10.46, 48),
('40789', 5, 2, 'REDUCCION ELECTROSOLDABLE DN90/63', 'REDUCCION ELECTROSOLDABLE DN90/63', 12.40, 48),
('40790', 5, 2, 'REDUCCION ELECTROSOLDABLE DN90/75', 'REDUCCION ELECTROSOLDABLE DN90/75', 16.65, 48),
('40791', 5, 2, 'REGISTRO AP', 'REGISTRO AP', 28.05, 48),
('40792', 5, 2, 'REJA CONCAVA 36X36 C250', 'REJA CONCAVA 36X36 C250', 34.66, 48),
('40793', 5, 2, 'REJA CONCAVA 46X46 C250', 'REJA CONCAVA 46X46 C250', 49.05, 48),
('40794', 5, 2, 'REJA CONCAVA 56X56 C250', 'REJA CONCAVA 56X56 C250', 88.37, 48),
('40795', 5, 2, 'REJA PLANA 36X36 RP30 C250', 'REJA PLANA 36X36 RP30 C250', 43.20, 48),
('40796', 5, 2, 'REJA PLANA 46X46 RP40 C250', 'REJA PLANA 46X46 RP40 C250', 51.63, 48),
('40797', 5, 2, 'REJA PLANA 56X56 RP50 C250', 'REJA PLANA 56X56 RP50 C250', 88.62, 48),
('40798', 5, 4, 'RETIRADA Y RECICALJE DE ESCOMBROS', 'RETIRADA Y RECICALJE DE ESCOMBROS', 64.72, 48),
('40799', 5, 2, 'ROLLO ALAMBRE ESPINO 250 m', 'ROLLO ALAMBRE ESPINO 250 m', 54.29, 48),
('40800', 5, 2, 'ROLLO MALLA CIERRE SIMPLE TORSIÓN 1m x 25 m', 'ROLLO MALLA CIERRE SIMPLE TORSIÓN 1m x 25 m', 81.37, 48),
('40801', 5, 2, 'ROSCA DOBLE LATON 1 1/2X1', 'ROSCA DOBLE LATON 1 1/2X1', 4.04, 48),
('40802', 5, 2, 'ROSCA DOBLE LATON 1 1/2X1 1/4', 'ROSCA DOBLE LATON 1 1/2X1 1/4', 4.52, 48),
('40803', 5, 2, 'ROSCA DOBLE LATON 1 1/2X3/4', 'ROSCA DOBLE LATON 1 1/2X3/4', 3.68, 48),
('40804', 5, 2, 'ROSCA DOBLE LATON 1 1/4X1', 'ROSCA DOBLE LATON 1 1/4X1', 3.14, 48),
('40805', 5, 2, 'ROSCA DOBLE LATON 1 1/4X1/2', 'ROSCA DOBLE LATON 1 1/4X1/2', 2.80, 48),
('40806', 5, 2, 'ROSCA DOBLE LATON 1 1/4X3/4', 'ROSCA DOBLE LATON 1 1/4X3/4', 3.00, 48),
('40807', 5, 2, 'ROSCA DOBLE LATON 1X1/2', 'ROSCA DOBLE LATON 1X1/2', 2.18, 48),
('40808', 5, 2, 'ROSCA DOBLE LATON 1x3/4', 'ROSCA DOBLE LATON 1x3/4', 1.97, 48),
('40809', 5, 2, 'ROSCA DOBLE LATON 2 1/2X2', 'ROSCA DOBLE LATON 2 1/2X2', 14.44, 48),
('40810', 5, 2, 'ROSCA DOBLE LATON 2X1', 'ROSCA DOBLE LATON 2X1', 6.94, 48),
('40811', 5, 2, 'ROSCA DOBLE LATON 2X1 1/2', 'ROSCA DOBLE LATON 2X1 1/2', 7.19, 48),
('40812', 5, 2, 'ROSCA DOBLE LATON 2X1 1/4', 'ROSCA DOBLE LATON 2X1 1/4', 6.73, 48),
('40813', 5, 2, 'ROSCA DOBLE LATON 2X1/2', 'ROSCA DOBLE LATON 2X1/2', 5.37, 48),
('40814', 5, 2, 'ROSCA DOBLE LATON 2X3/4', 'ROSCA DOBLE LATON 2X3/4', 5.46, 48),
('40815', 5, 2, 'ROSCA DOBLE LATON 3/4x1/2', 'ROSCA DOBLE LATON 3/4x1/2', 1.09, 48),
('40816', 5, 2, 'ROSCA DOBLE LATON 3X2', 'ROSCA DOBLE LATON 3X2', 20.88, 48),
('40817', 5, 2, 'ROSCA DOBLE LATON 3X2 1/2', 'ROSCA DOBLE LATON 3X2 1/2', 20.44, 48),
('40818', 5, 2, 'ROSCA DOBLE LATON 4X2 1/2', 'ROSCA DOBLE LATON 4X2 1/2', 57.63, 48),
('40819', 5, 2, 'ROSCA DOBLE LATON 4X3', 'ROSCA DOBLE LATON 4X3', 61.11, 48),
('40820', 5, 2, 'ROSCA DOBLE LATON 1', 'ROSCA DOBLE LATON 1', 2.35, 48),
('40821', 5, 2, 'ROSCA DOBLE LATON 1 1/2', 'ROSCA DOBLE LATON 1 1/2', 5.50, 48),
('40822', 5, 2, 'ROSCA DOBLE LATON 1 1/4', 'ROSCA DOBLE LATON 1 1/4', 4.17, 48),
('40823', 5, 2, 'ROSCA DOBLE LATON 1/2', 'ROSCA DOBLE LATON 1/2', 0.96, 48),
('40824', 5, 2, 'ROSCA DOBLE LATON 2', 'ROSCA DOBLE LATON 2', 8.76, 48),
('40825', 5, 2, 'ROSCA DOBLE LATON 2 1/2', 'ROSCA DOBLE LATON 2 1/2', 13.42, 48),
('40826', 5, 2, 'ROSCA DOBLE LATON 3', 'ROSCA DOBLE LATON 3', 19.74, 48),
('40827', 5, 2, 'ROSCA DOBLE LATON 3/4', 'ROSCA DOBLE LATON 3/4', 1.42, 48),
('40828', 5, 2, 'ROSCA DOBLE LATON 4', 'ROSCA DOBLE LATON 4', 55.79, 48),
('40829', 5, 2, 'SACO 25KG ARENA', 'SACO 25KG ARENA', 2.10, 48),
('40830', 5, 2, 'SACO 25KG CAL HIDRAULICA NATURAL PURA NHL 3,5 BLANCA LC', 'SACO 25KG CAL HIDRAULICA NATURAL PURA NHL 3,5 BLANCA LC', 13.29, 48),
('40831', 5, 2, 'SACO 25KG MORTERO DE LEVANTE M7,5 HIDROFUGADO', 'SACO 25KG MORTERO DE LEVANTE M7,5 HIDROFUGADO', 3.17, 48),
('40832', 5, 2, 'SACO TIERRA VEGETAL', 'SACO TIERRA VEGETAL', 2.23, 48),
('40833', 5, 6, 'SEMILLA CESPED RÚSTICO', 'SEMILLA CESPED RÚSTICO', 7.59, 48),
('40834', 5, 2, 'SELLADOR POLIURETANO ', 'SELLADOR POLIURETANO ', 7.00, 48),
('40835', 5, 2, 'TABIQUE DE GRAN FORMATO', 'TABIQUE DE GRAN FORMATO', 0.93, 48),
('40836', 5, 2, 'TABLA ENCOFRAR 2,5X0,2', 'TABLA ENCOFRAR 2,5X0,2', 6.77, 48),
('40837', 5, 2, 'TAPA 100X100 B125 ANONIMA', 'TAPA 100X100 B125 ANONIMA', 329.81, 48),
('40838', 5, 2, 'TAPA 40X40 C250 ABASTECIMIENTO/AGUA URA', 'TAPA 40X40 C250 ABASTECIMIENTO/AGUA URA', 34.51, 48),
('40839', 5, 2, 'TAPA 40X40 D400 ANONIMA', 'TAPA 40X40 D400 ANONIMA', 63.28, 48),
('40840', 5, 2, 'TAPA 50X50 C250 ABASTECIMIENTO/AGUA URA', 'TAPA 50X50 C250 ABASTECIMIENTO/AGUA URA', 70.35, 48),
('40841', 5, 2, 'TAPA 50X50 D400 ANONIMA', 'TAPA 50X50 D400 ANONIMA', 73.34, 48),
('40842', 5, 2, 'TAPA 60X60 C250 ANONIMA', 'TAPA 60X60 C250 ANONIMA', 87.03, 48),
('40843', 5, 2, 'TAPA 60X60 D400 ANONIMA', 'TAPA 60X60 D400 ANONIMA', 113.58, 48),
('40844', 5, 2, 'TAPA 60X60 D400 EURI URAK/PLUVIALES', 'TAPA 60X60 D400 EURI URAK/PLUVIALES', 114.32, 48),
('40845', 5, 2, 'TAPA 70X70 C250 ANONIMA', 'TAPA 70X70 C250 ANONIMA', 96.90, 48),
('40846', 5, 2, 'TAPA 70X70 D400 ANONIMA', 'TAPA 70X70 D400 ANONIMA', 130.00, 48),
('40847', 5, 2, 'TAPA 80X80 B125 ANONIMA', 'TAPA 80X80 B125 ANONIMA', 114.62, 48),
('40848', 5, 2, 'TAPA 80X80 C250 ANONIMA', 'TAPA 80X80 C250 ANONIMA', 126.78, 48),
('40849', 5, 2, 'TAPA 80X80 D400 ANONIMA', 'TAPA 80X80 D400 ANONIMA', 165.93, 48),
('40850', 5, 2, 'TAPA 90X90 B125 ANONIMA', 'TAPA 90X90 B125 ANONIMA', 191.88, 48),
('40851', 5, 2, 'TAPA Ø85 M/R D400 ANONIMA', 'TAPA Ø85 M/R D400 ANONIMA', 84.34, 48),
('40852', 5, 2, 'TAPA Ø100 M/R D400 ANONIMA', 'TAPA Ø100 M/R D400 ANONIMA', 205.03, 48),
('40853', 5, 2, 'TAPON ELECTROSOLDABLE Ø110', 'TAPON ELECTROSOLDABLE Ø110', 27.16, 48),
('40854', 5, 2, 'TAPON ELECTROSOLDABLE Ø125', 'TAPON ELECTROSOLDABLE Ø125', 33.19, 48),
('40855', 5, 2, 'TAPON ELECTROSOLDABLE Ø160', 'TAPON ELECTROSOLDABLE Ø160', 46.66, 48),
('40856', 5, 2, 'TAPON ELECTROSOLDABLE Ø180', 'TAPON ELECTROSOLDABLE Ø180', 27.26, 48),
('40857', 5, 2, 'TAPON ELECTROSOLDABLE Ø200', 'TAPON ELECTROSOLDABLE Ø200', 72.32, 48),
('40858', 5, 2, 'TAPON ELECTROSOLDABLE Ø32', 'TAPON ELECTROSOLDABLE Ø32', 5.09, 48),
('40859', 5, 2, 'TAPON ELECTROSOLDABLE Ø40', 'TAPON ELECTROSOLDABLE Ø40', 5.60, 48),
('40860', 5, 2, 'TAPON ELECTROSOLDABLE Ø50', 'TAPON ELECTROSOLDABLE Ø50', 8.53, 48),
('40861', 5, 2, 'TAPON ELECTROSOLDABLE Ø63', 'TAPON ELECTROSOLDABLE Ø63', 9.41, 48),
('40862', 5, 2, 'TAPON ELECTROSOLDABLE Ø75', 'TAPON ELECTROSOLDABLE Ø75', 14.81, 48),
('40863', 5, 2, 'TAPON ELECTROSOLDABLE Ø90', 'TAPON ELECTROSOLDABLE Ø90', 20.67, 48),
('40864', 5, 2, 'TAPON H LATON 1', 'TAPON H LATON 1', 1.51, 48),
('40865', 5, 2, 'TAPON H LATON 1 1/2', 'TAPON H LATON 1 1/2', 2.63, 48),
('40866', 5, 2, 'TAPON H LATON 1 1/4', 'TAPON H LATON 1 1/4', 2.11, 48),
('40867', 5, 2, 'TAPON H LATON 1/2', 'TAPON H LATON 1/2', 0.73, 48),
('40868', 5, 2, 'TAPON H LATON 2', 'TAPON H LATON 2', 4.33, 48),
('40869', 5, 2, 'TAPON H LATON 2 1/2', 'TAPON H LATON 2 1/2', 7.35, 48),
('40870', 5, 2, 'TAPON H LATON 3', 'TAPON H LATON 3', 11.78, 48),
('40871', 5, 2, 'TAPON H LATON 3/4', 'TAPON H LATON 3/4', 0.77, 48),
('40872', 5, 2, 'TAPON H LATON 4', 'TAPON H LATON 4', 48.82, 48),
('40873', 5, 2, 'TAPON M LATON 1', 'TAPON M LATON 1', 1.73, 48),
('40874', 5, 2, 'TAPON M LATON 1 1/2', 'TAPON M LATON 1 1/2', 3.06, 48),
('40875', 5, 2, 'TAPON M LATON 1 1/4', 'TAPON M LATON 1 1/4', 2.11, 48);

-- Lote 10 (filas 901 a 1000 de 1250)
INSERT INTO tbl_pres_precios (codigo, id_naturaleza, id_unidades, resumen, descripcion, coste, id_capitulo)
VALUES
('40876', 5, 2, 'TAPON M LATON 1/2', 'TAPON M LATON 1/2', 0.80, 48),
('40877', 5, 2, 'TAPON M LATON 2', 'TAPON M LATON 2', 4.12, 48),
('40878', 5, 2, 'TAPON M LATON 2 1/2', 'TAPON M LATON 2 1/2', 8.88, 48),
('40879', 5, 2, 'TAPON M LATON 3', 'TAPON M LATON 3', 11.71, 48),
('40880', 5, 2, 'TAPON M LATON 3/4', 'TAPON M LATON 3/4', 1.15, 48),
('40881', 5, 2, 'TAPON M LATON 4', 'TAPON M LATON 4', 40.78, 48),
('40882', 5, 2, 'TE LATON 1', 'TE LATON 1', 5.38, 48),
('40883', 5, 2, 'TE LATON 1 1/2', 'TE LATON 1 1/2', 16.33, 48),
('40884', 5, 2, 'TE LATON 1 1/4', 'TE LATON 1 1/4', 8.99, 48),
('40885', 5, 2, 'TE LATON 1/2', 'TE LATON 1/2', 1.99, 48),
('40886', 5, 2, 'TE LATON 2', 'TE LATON 2', 23.26, 48),
('40887', 5, 2, 'TE LATON 2 1/2', 'TE LATON 2 1/2', 46.80, 48),
('40888', 5, 2, 'TE LATON 3', 'TE LATON 3', 75.56, 48),
('40889', 5, 2, 'TE LATON 3/4', 'TE LATON 3/4', 3.76, 48),
('40890', 5, 2, 'TE LATON 4', 'TE LATON 4', 115.03, 48),
('40891', 5, 2, 'TE CON BRIDAS DN100 PN16', 'TE CON BRIDAS DN100 PN16', 71.48, 48),
('40892', 5, 2, 'TE CON BRIDAS DN125 PN16', 'TE CON BRIDAS DN125 PN16', 100.95, 48),
('40893', 5, 2, 'TE CON BRIDAS DN150 PN16', 'TE CON BRIDAS DN150 PN16', 129.91, 48),
('40894', 5, 2, 'TE CON BRIDAS DN200 PN16', 'TE CON BRIDAS DN200 PN16', 203.94, 48),
('40895', 5, 2, 'TE CON BRIDAS DN250 PN16', 'TE CON BRIDAS DN250 PN16', 307.28, 48),
('40896', 5, 2, 'TE CON BRIDAS DN300 PN16', 'TE CON BRIDAS DN300 PN16', 433.72, 48),
('40897', 5, 2, 'TE CON BRIDAS DN50 PN16', 'TE CON BRIDAS DN50 PN16', 43.34, 48),
('40898', 5, 2, 'TE CON BRIDAS DN65 PN16', 'TE CON BRIDAS DN65 PN16', 46.15, 48),
('40899', 5, 2, 'TE CON BRIDAS DN80 PN16', 'TE CON BRIDAS DN80 PN16', 58.33, 48),
('40900', 5, 2, 'TE CON BRIDAS REDUCIDA DN100-50 PN16', 'TE CON BRIDAS REDUCIDA DN100-50 PN16', 63.28, 48),
('40901', 5, 2, 'TE CON BRIDAS REDUCIDA DN100-65 PN16', 'TE CON BRIDAS REDUCIDA DN100-65 PN16', 65.82, 48),
('40902', 5, 2, 'TE CON BRIDAS REDUCIDA DN100-80 PN16', 'TE CON BRIDAS REDUCIDA DN100-80 PN16', 67.41, 48),
('40903', 5, 2, 'TE CON BRIDAS REDUCIDA DN125-100 PN16', 'TE CON BRIDAS REDUCIDA DN125-100 PN16', 98.78, 48),
('40904', 5, 2, 'TE CON BRIDAS REDUCIDA DN125-50 PN16', 'TE CON BRIDAS REDUCIDA DN125-50 PN16', 87.25, 48),
('40905', 5, 2, 'TE CON BRIDAS REDUCIDA DN125-65 PN16', 'TE CON BRIDAS REDUCIDA DN125-65 PN16', 91.07, 48),
('40906', 5, 2, 'TE CON BRIDAS REDUCIDA DN125-80 PN16', 'TE CON BRIDAS REDUCIDA DN125-80 PN16', 98.01, 48),
('40907', 5, 2, 'TE CON BRIDAS REDUCIDA DN150-100 PN16', 'TE CON BRIDAS REDUCIDA DN150-100 PN16', 107.98, 48),
('40908', 5, 2, 'TE CON BRIDAS REDUCIDA DN150-125 PN16', 'TE CON BRIDAS REDUCIDA DN150-125 PN16', 120.43, 48),
('40909', 5, 2, 'TE CON BRIDAS REDUCIDA DN150-50 PN16', 'TE CON BRIDAS REDUCIDA DN150-50 PN16', 99.00, 48),
('40910', 5, 2, 'TE CON BRIDAS REDUCIDA DN150-65 PN16', 'TE CON BRIDAS REDUCIDA DN150-65 PN16', 114.85, 48),
('40911', 5, 2, 'TE CON BRIDAS REDUCIDA DN150-80 PN16', 'TE CON BRIDAS REDUCIDA DN150-80 PN16', 103.99, 48),
('40912', 5, 2, 'TE CON BRIDAS REDUCIDA DN200-100 PN16', 'TE CON BRIDAS REDUCIDA DN200-100 PN16', 151.69, 48),
('40913', 5, 2, 'TE CON BRIDAS REDUCIDA DN200-125 PN16', 'TE CON BRIDAS REDUCIDA DN200-125 PN16', 183.37, 48),
('40914', 5, 2, 'TE CON BRIDAS REDUCIDA DN200-150 PN16', 'TE CON BRIDAS REDUCIDA DN200-150 PN16', 195.11, 48),
('40915', 5, 2, 'TE CON BRIDAS REDUCIDA DN200-50 PN16', 'TE CON BRIDAS REDUCIDA DN200-50 PN16', 166.03, 48),
('40916', 5, 2, 'TE CON BRIDAS REDUCIDA DN200-65 PN16', 'TE CON BRIDAS REDUCIDA DN200-65 PN16', 165.94, 48),
('40917', 5, 2, 'TE CON BRIDAS REDUCIDA DN200-80 PN16', 'TE CON BRIDAS REDUCIDA DN200-80 PN16', 151.85, 48),
('40918', 5, 2, 'TE CON BRIDAS REDUCIDA DN250-100 PN16', 'TE CON BRIDAS REDUCIDA DN250-100 PN16', 242.31, 48),
('40919', 5, 2, 'TE CON BRIDAS REDUCIDA DN250-150 PN16', 'TE CON BRIDAS REDUCIDA DN250-150 PN16', 269.94, 48),
('40920', 5, 2, 'TE CON BRIDAS REDUCIDA DN250-200 PN16', 'TE CON BRIDAS REDUCIDA DN250-200 PN16', 272.99, 48),
('40921', 5, 2, 'TE CON BRIDAS REDUCIDA DN250-65 PN16', 'TE CON BRIDAS REDUCIDA DN250-65 PN16', 232.60, 48),
('40922', 5, 2, 'TE CON BRIDAS REDUCIDA DN250-80 PN16', 'TE CON BRIDAS REDUCIDA DN250-80 PN16', 241.38, 48),
('40923', 5, 2, 'TE CON BRIDAS REDUCIDA DN300-100 PN16', 'TE CON BRIDAS REDUCIDA DN300-100 PN16', 324.97, 48),
('40924', 5, 2, 'TE CON BRIDAS REDUCIDA DN300-150 PN16', 'TE CON BRIDAS REDUCIDA DN300-150 PN16', 326.86, 48),
('40925', 5, 2, 'TE CON BRIDAS REDUCIDA DN300-200 PN16', 'TE CON BRIDAS REDUCIDA DN300-200 PN16', 340.16, 48),
('40926', 5, 2, 'TE CON BRIDAS REDUCIDA DN300-80 PN16', 'TE CON BRIDAS REDUCIDA DN300-80 PN16', 320.00, 48),
('40927', 5, 2, 'TE CON BRIDAS REDUCIDA DN65-50 PN16', 'TE CON BRIDAS REDUCIDA DN65-50 PN16', 47.40, 48),
('40928', 5, 2, 'TE CON BRIDAS REDUCIDA DN80-50 PN16', 'TE CON BRIDAS REDUCIDA DN80-50 PN16', 54.86, 48),
('40929', 5, 2, 'TE CON BRIDAS REDUCIDA DN80-65 PN16', 'TE CON BRIDAS REDUCIDA DN80-65 PN16', 55.58, 48),
('40930', 5, 2, 'TE ELECTROSOLDABLE DN110', 'TE ELECTROSOLDABLE DN110', 28.16, 48),
('40931', 5, 2, 'TE ELECTROSOLDABLE DN125', 'TE ELECTROSOLDABLE DN125', 38.71, 48),
('40932', 5, 2, 'TE ELECTROSOLDABLE DN160', 'TE ELECTROSOLDABLE DN160', 62.08, 48),
('40933', 5, 2, 'TE ELECTROSOLDABLE DN20', 'TE ELECTROSOLDABLE DN20', 6.23, 48),
('40934', 5, 2, 'TE ELECTROSOLDABLE DN200', 'TE ELECTROSOLDABLE DN200', 151.59, 48),
('40935', 5, 2, 'TE ELECTROSOLDABLE DN25', 'TE ELECTROSOLDABLE DN25', 6.23, 48),
('40936', 5, 2, 'TE ELECTROSOLDABLE DN250', 'TE ELECTROSOLDABLE DN250', 319.39, 48),
('40937', 5, 2, 'TE ELECTROSOLDABLE DN315', 'TE ELECTROSOLDABLE DN315', 371.20, 48),
('40938', 5, 2, 'TE ELECTROSOLDABLE DN32', 'TE ELECTROSOLDABLE DN32', 5.49, 48),
('40939', 5, 2, 'TE ELECTROSOLDABLE DN40', 'TE ELECTROSOLDABLE DN40', 8.02, 48),
('40940', 5, 2, 'TE ELECTROSOLDABLE DN50', 'TE ELECTROSOLDABLE DN50', 9.40, 48),
('40941', 5, 2, 'TE ELECTROSOLDABLE DN63', 'TE ELECTROSOLDABLE DN63', 9.90, 48),
('40942', 5, 2, 'TE ELECTROSOLDABLE DN75', 'TE ELECTROSOLDABLE DN75', 14.99, 48),
('40943', 5, 2, 'TE ELECTROSOLDABLE DN90', 'TE ELECTROSOLDABLE DN90', 17.68, 48),
('40944', 5, 2, 'TE ENCHUFE LATON POLIETILENO 20X20X20', 'TE ENCHUFE LATON POLIETILENO 20X20X20', 23.88, 48),
('40945', 5, 2, 'TE ENCHUFE LATON POLIETILENO 25X25X25', 'TE ENCHUFE LATON POLIETILENO 25X25X25', 23.88, 48),
('40946', 5, 2, 'TE ENCHUFE LATON POLIETILENO 32X32X32', 'TE ENCHUFE LATON POLIETILENO 32X32X32', 35.45, 48),
('40947', 5, 2, 'TE ENCHUFE LATON POLIETILENO 40X40X40', 'TE ENCHUFE LATON POLIETILENO 40X40X40', 47.98, 48),
('40948', 5, 2, 'TE ENCHUFE LATON POLIETILENO 50X50X50', 'TE ENCHUFE LATON POLIETILENO 50X50X50', 95.27, 48),
('40949', 5, 2, 'TE ENCHUFE LATON POLIETILENO 63X63X63', 'TE ENCHUFE LATON POLIETILENO 63X63X63', 228.66, 48),
('40950', 5, 2, 'TE ENCHUFE-ENCHUFE-BRIDA DN100 PN16', 'TE ENCHUFE-ENCHUFE-BRIDA DN100 PN16', 99.50, 48),
('40951', 5, 2, 'TE ENCHUFE-ENCHUFE-BRIDA DN125 PN16', 'TE ENCHUFE-ENCHUFE-BRIDA DN125 PN16', 123.86, 48),
('40952', 5, 2, 'TE ENCHUFE-ENCHUFE-BRIDA DN150 PN16', 'TE ENCHUFE-ENCHUFE-BRIDA DN150 PN16', 154.14, 48),
('40953', 5, 2, 'TE ENCHUFE-ENCHUFE-BRIDA DN200 PN16', 'TE ENCHUFE-ENCHUFE-BRIDA DN200 PN16', 201.20, 48),
('40954', 5, 2, 'TE ENCHUFE-ENCHUFE-BRIDA DN250 PN16', 'TE ENCHUFE-ENCHUFE-BRIDA DN250 PN16', 331.64, 48),
('40955', 5, 2, 'TE ENCHUFE-ENCHUFE-BRIDA DN300 PN16', 'TE ENCHUFE-ENCHUFE-BRIDA DN300 PN16', 445.80, 48),
('40956', 5, 2, 'TE ENCHUFE-ENCHUFE-BRIDA DN80 PN16', 'TE ENCHUFE-ENCHUFE-BRIDA DN80 PN16', 85.53, 48),
('40957', 5, 2, 'TE ENCHUFE-ENCHUFE-BRIDA REDUCCION DN100-DN65 PN16', 'TE ENCHUFE-ENCHUFE-BRIDA REDUCCION DN100-DN65 PN16', 94.61, 48),
('40958', 5, 2, 'TE ENCHUFE-ENCHUFE-BRIDA REDUCCION DN100-DN80 PN16', 'TE ENCHUFE-ENCHUFE-BRIDA REDUCCION DN100-DN80 PN16', 94.02, 48),
('40959', 5, 2, 'TE ENCHUFE-ENCHUFE-BRIDA REDUCCION DN125-DN100 PN16', 'TE ENCHUFE-ENCHUFE-BRIDA REDUCCION DN125-DN100 PN16', 117.21, 48),
('40960', 5, 2, 'TE ENCHUFE-ENCHUFE-BRIDA REDUCCION DN125-DN60 PN16', 'TE ENCHUFE-ENCHUFE-BRIDA REDUCCION DN125-DN60 PN16', 100.10, 48),
('40961', 5, 2, 'TE ENCHUFE-ENCHUFE-BRIDA REDUCCION DN125-DN80 PN16', 'TE ENCHUFE-ENCHUFE-BRIDA REDUCCION DN125-DN80 PN16', 111.52, 48),
('40962', 5, 2, 'TE ENCHUFE-ENCHUFE-BRIDA REDUCCION DN150-DN100 PN16', 'TE ENCHUFE-ENCHUFE-BRIDA REDUCCION DN150-DN100 PN16', 140.94, 48),
('40963', 5, 2, 'TE ENCHUFE-ENCHUFE-BRIDA REDUCCION DN150-DN65 PN16', 'TE ENCHUFE-ENCHUFE-BRIDA REDUCCION DN150-DN65 PN16', 131.56, 48),
('40964', 5, 2, 'TE ENCHUFE-ENCHUFE-BRIDA REDUCCION DN150-DN80 PN16', 'TE ENCHUFE-ENCHUFE-BRIDA REDUCCION DN150-DN80 PN16', 130.66, 48),
('40965', 5, 2, 'TE ENCHUFE-ENCHUFE-BRIDA REDUCCION DN200-DN100 PN16', 'TE ENCHUFE-ENCHUFE-BRIDA REDUCCION DN200-DN100 PN16', 183.42, 48),
('40966', 5, 2, 'TE ENCHUFE-ENCHUFE-BRIDA REDUCCION DN200-DN150 PN16', 'TE ENCHUFE-ENCHUFE-BRIDA REDUCCION DN200-DN150 PN16', 188.00, 48),
('40967', 5, 2, 'TE ENCHUFE-ENCHUFE-BRIDA REDUCCION DN200-DN65 PN16', 'TE ENCHUFE-ENCHUFE-BRIDA REDUCCION DN200-DN65 PN16', 179.20, 48),
('40968', 5, 2, 'TE ENCHUFE-ENCHUFE-BRIDA REDUCCION DN200-DN80 PN16', 'TE ENCHUFE-ENCHUFE-BRIDA REDUCCION DN200-DN80 PN16', 183.42, 48),
('40969', 5, 2, 'TE ENCHUFE-ENCHUFE-BRIDA REDUCCION DN250-DN100 PN16', 'TE ENCHUFE-ENCHUFE-BRIDA REDUCCION DN250-DN100 PN16', 232.26, 48),
('40970', 5, 2, 'TE ENCHUFE-ENCHUFE-BRIDA REDUCCION DN250-DN150 PN16', 'TE ENCHUFE-ENCHUFE-BRIDA REDUCCION DN250-DN150 PN16', 253.32, 48),
('40971', 5, 2, 'TE ENCHUFE-ENCHUFE-BRIDA REDUCCION DN250-DN200 PN16', 'TE ENCHUFE-ENCHUFE-BRIDA REDUCCION DN250-DN200 PN16', 309.11, 48),
('40972', 5, 2, 'TE ENCHUFE-ENCHUFE-BRIDA REDUCCION DN250-DN80 PN16', 'TE ENCHUFE-ENCHUFE-BRIDA REDUCCION DN250-DN80 PN16', 243.92, 48),
('40973', 5, 2, 'TE ENCHUFE-ENCHUFE-BRIDA REDUCCION DN300-DN80 PN16', 'TE ENCHUFE-ENCHUFE-BRIDA REDUCCION DN300-DN80 PN16', 371.50, 48),
('40974', 5, 2, 'TE ENCHUFE-ENCHUFE-BRIDA REDUCCION DN80-DN60 PN16', 'TE ENCHUFE-ENCHUFE-BRIDA REDUCCION DN80-DN60 PN16', 85.53, 48),
('40975', 5, 2, 'TE IGUAL LATON POLIETILENO 110X110', 'TE IGUAL LATON POLIETILENO 110X110', 261.95, 48);

-- Lote 11 (filas 1001 a 1100 de 1250)
INSERT INTO tbl_pres_precios (codigo, id_naturaleza, id_unidades, resumen, descripcion, coste, id_capitulo)
VALUES
('40976', 5, 2, 'TE IGUAL LATON POLIETILENO 20X20', 'TE IGUAL LATON POLIETILENO 20X20', 8.18, 48),
('40977', 5, 2, 'TE IGUAL LATON POLIETILENO 25X25', 'TE IGUAL LATON POLIETILENO 25X25', 10.12, 48),
('40978', 5, 2, 'TE IGUAL LATON POLIETILENO 32X32', 'TE IGUAL LATON POLIETILENO 32X32', 14.07, 48),
('40979', 5, 2, 'TE IGUAL LATON POLIETILENO 40X40', 'TE IGUAL LATON POLIETILENO 40X40', 28.89, 48),
('40980', 5, 2, 'TE IGUAL LATON POLIETILENO 50X50', 'TE IGUAL LATON POLIETILENO 50X50', 41.28, 48),
('40981', 5, 2, 'TE IGUAL LATON POLIETILENO 63X63', 'TE IGUAL LATON POLIETILENO 63X63', 69.66, 48),
('40982', 5, 2, 'TE IGUAL LATON POLIETILENO 75X75', 'TE IGUAL LATON POLIETILENO 75X75', 165.24, 48),
('40983', 5, 2, 'TE IGUAL LATON POLIETILENO 90X90', 'TE IGUAL LATON POLIETILENO 90X90', 203.49, 48),
('40984', 5, 2, 'TE ROSCA H LATON POLIETILENO 20X1/2', 'TE ROSCA H LATON POLIETILENO 20X1/2', 6.42, 48),
('40985', 5, 2, 'TE ROSCA H LATON POLIETILENO 25X3/4', 'TE ROSCA H LATON POLIETILENO 25X3/4', 7.92, 48),
('40986', 5, 2, 'TE ROSCA H LATON POLIETILENO 32X1', 'TE ROSCA H LATON POLIETILENO 32X1', 12.05, 48),
('40987', 5, 2, 'TE ROSCA H LATON POLIETILENO 40X1 1/4', 'TE ROSCA H LATON POLIETILENO 40X1 1/4', 21.68, 48),
('40988', 5, 2, 'TE ROSCA H LATON POLIETILENO 50X1 1/2', 'TE ROSCA H LATON POLIETILENO 50X1 1/2', 30.52, 48),
('40989', 5, 2, 'TE ROSCA H LATON POLIETILENO 63X2', 'TE ROSCA H LATON POLIETILENO 63X2', 54.30, 48),
('40990', 5, 2, 'TE ROSCA H LATON POLIETILENO 75X2 1/2', 'TE ROSCA H LATON POLIETILENO 75X2 1/2', 116.80, 48),
('40991', 5, 2, 'TE ROSCA H LATON POLIETILENO 90X3', 'TE ROSCA H LATON POLIETILENO 90X3', 169.40, 48),
('40992', 5, 2, 'TE TRIPLE ENCHUFE 100 X 100', 'TE TRIPLE ENCHUFE 100 X 100', 118.38, 48),
('40993', 5, 2, 'TE TRIPLE ENCHUFE 150 X 150', 'TE TRIPLE ENCHUFE 150 X 150', 177.17, 48),
('40994', 5, 2, 'TE TRIPLE ENCHUFE 200 X 200', 'TE TRIPLE ENCHUFE 200 X 200', 231.76, 48),
('40995', 5, 2, 'TE TRIPLE ENCHUFE 80 X 80', 'TE TRIPLE ENCHUFE 80 X 80', 99.33, 48),
('40996', 5, 2, 'TE TRIPLE ENCHUFE DN125', 'TE TRIPLE ENCHUFE DN125', 147.77, 48),
('40997', 5, 2, 'TERMINAL INYECTADO R/HEMBRA PE LATON 25X3/4', 'TERMINAL INYECTADO R/HEMBRA PE LATON 25X3/4', 10.62, 48),
('40998', 5, 2, 'TERMINAL INYECTADO R/HEMBRA PE/LATON 110X4', 'TERMINAL INYECTADO R/HEMBRA PE/LATON 110X4', 83.79, 48),
('40999', 5, 2, 'TERMINAL INYECTADO R/HEMBRA PE/LATON 32X1', 'TERMINAL INYECTADO R/HEMBRA PE/LATON 32X1', 12.06, 48),
('41000', 5, 2, 'TERMINAL INYECTADO R/HEMBRA PE/LATON 40X1 1/4', 'TERMINAL INYECTADO R/HEMBRA PE/LATON 40X1 1/4', 16.92, 48),
('41001', 5, 2, 'TERMINAL INYECTADO R/HEMBRA PE/LATON 50X1 1/2', 'TERMINAL INYECTADO R/HEMBRA PE/LATON 50X1 1/2', 25.42, 48),
('41002', 5, 2, 'TERMINAL INYECTADO R/HEMBRA PE/LATON 63X2', 'TERMINAL INYECTADO R/HEMBRA PE/LATON 63X2', 36.25, 48),
('41003', 5, 2, 'TERMINAL INYECTADO R/HEMBRA PE/LATON 75X2 1/2', 'TERMINAL INYECTADO R/HEMBRA PE/LATON 75X2 1/2', 58.72, 48),
('41004', 5, 2, 'TERMINAL INYECTADO R/HEMBRA PE/LATON 90X3', 'TERMINAL INYECTADO R/HEMBRA PE/LATON 90X3', 72.60, 48),
('41005', 5, 2, 'TERMINAL INYECTADO R/MACHO PE/LATON 110X4', 'TERMINAL INYECTADO R/MACHO PE/LATON 110X4', 83.79, 48),
('41006', 5, 2, 'TERMINAL INYECTADO R/MACHO PE/LATON 25X3/4', 'TERMINAL INYECTADO R/MACHO PE/LATON 25X3/4', 10.62, 48),
('41007', 5, 2, 'TERMINAL INYECTADO R/MACHO PE/LATON 32X1', 'TERMINAL INYECTADO R/MACHO PE/LATON 32X1', 14.76, 48),
('41008', 5, 2, 'TERMINAL INYECTADO R/MACHO PE/LATON 40X1 1/4', 'TERMINAL INYECTADO R/MACHO PE/LATON 40X1 1/4', 18.71, 48),
('41009', 5, 2, 'TERMINAL INYECTADO R/MACHO PE/LATON 50X1 1/2', 'TERMINAL INYECTADO R/MACHO PE/LATON 50X1 1/2', 27.40, 48),
('41010', 5, 2, 'TERMINAL INYECTADO R/MACHO PE/LATON 63X2', 'TERMINAL INYECTADO R/MACHO PE/LATON 63X2', 29.94, 48),
('41011', 5, 2, 'TERMINAL INYECTADO R/MACHO PE/LATON 75X2 1/2', 'TERMINAL INYECTADO R/MACHO PE/LATON 75X2 1/2', 58.72, 48),
('41012', 5, 2, 'TERMINAL INYECTADO R/MACHO PE/LATON 90X3', 'TERMINAL INYECTADO R/MACHO PE/LATON 90X3', 72.60, 48),
('41013', 5, 1, 'TIERRA VEGETAL', 'TIERRA VEGETAL', 24.99, 48),
('41014', 5, 2, 'TORNILLO HEXAGONAL DIN933 ZINC 8.8 M16X100', 'TORNILLO HEXAGONAL DIN933 ZINC 8.8 M16X100', 1.78, 48),
('41015', 5, 2, 'TORNILLO HEXAGONAL DIN933 ZINC 8.8 M16X120', 'TORNILLO HEXAGONAL DIN933 ZINC 8.8 M16X120', 2.28, 48),
('41016', 5, 2, 'TORNILLO HEXAGONAL DIN933 ZINC 8.8 M16X80', 'TORNILLO HEXAGONAL DIN933 ZINC 8.8 M16X80', 1.62, 48),
('41017', 5, 2, 'TORNILLO HEXAGONAL DIN933 ZINC 8.8 M20X100', 'TORNILLO HEXAGONAL DIN933 ZINC 8.8 M20X100', 2.30, 48),
('41018', 5, 2, 'TORNILLO HEXAGONAL DIN933 ZINC 8.8 M20X120', 'TORNILLO HEXAGONAL DIN933 ZINC 8.8 M20X120', 2.90, 48),
('41019', 5, 2, 'TORNILLO HEXAGONAL DIN933 ZINC 8.8 M20X80', 'TORNILLO HEXAGONAL DIN933 ZINC 8.8 M20X80', 2.20, 48),
('41020', 5, 2, 'TORNILLO HEXAGONAL DIN933 ZINC 8.8 M24X120', 'TORNILLO HEXAGONAL DIN933 ZINC 8.8 M24X120', 3.92, 48),
('41021', 5, 2, 'TORNILLO HEXAGONAL DIN933 ZINC 8.8 M24X150', 'TORNILLO HEXAGONAL DIN933 ZINC 8.8 M24X150', 5.20, 48),
('41022', 5, 2, 'TORNILLO HEXAGONAL DIN933 ZINC 8.8 M24X80', 'TORNILLO HEXAGONAL DIN933 ZINC 8.8 M24X80', 2.97, 48),
('41023', 5, 2, 'TORNILLO HEXAGONAL DIN933 ZINC 8.8 M27X100', 'TORNILLO HEXAGONAL DIN933 ZINC 8.8 M27X100', 4.98, 48),
('41024', 5, 2, 'TORNILLO HEXAGONAL DIN933 ZINC 8.8 M27X120', 'TORNILLO HEXAGONAL DIN933 ZINC 8.8 M27X120', 6.07, 48),
('41025', 5, 5, 'TUBERIA FUNDICION C100 NEGRA DN100', 'TUBERIA FUNDICION C100 NEGRA DN100', 29.54, 48),
('41026', 5, 5, 'TUBERIA FUNDICION C100 NEGRA DN80', 'TUBERIA FUNDICION C100 NEGRA DN80', 30.52, 48),
('41027', 5, 5, 'TUBERIA FUNDICION C40 NEGRA DN300', 'TUBERIA FUNDICION C40 NEGRA DN300', 103.20, 48),
('41028', 5, 5, 'TUBERIA FUNDICION C50 NEGRA DN200', 'TUBERIA FUNDICION C50 NEGRA DN200', 61.20, 48),
('41029', 5, 5, 'TUBERIA FUNDICION C50 NEGRA DN250', 'TUBERIA FUNDICION C50 NEGRA DN250', 83.03, 48),
('41030', 5, 5, 'TUBERIA FUNDICION C64 NEGRA DN125', 'TUBERIA FUNDICION C64 NEGRA DN125', 40.60, 48),
('41031', 5, 5, 'TUBERIA FUNDICION C64 NEGRA DN150', 'TUBERIA FUNDICION C64 NEGRA DN150', 43.92, 48),
('41032', 5, 5, 'TUBERIA POLIETILENO ALTA DENSIDAD PE100 16/110 4', 'TUBERIA POLIETILENO ALTA DENSIDAD PE100 16/110 4', 8.87, 48),
('41033', 5, 5, 'TUBERIA POLIETILENO ALTA DENSIDAD PE100 16/125 41/2', 'TUBERIA POLIETILENO ALTA DENSIDAD PE100 16/125 41/2', 9.50, 48),
('41034', 5, 5, 'TUBERIA POLIETILENO ALTA DENSIDAD PE100 16/140 5', 'TUBERIA POLIETILENO ALTA DENSIDAD PE100 16/140 5', 11.87, 48),
('41035', 5, 5, 'TUBERIA POLIETILENO ALTA DENSIDAD PE100 16/160 6', 'TUBERIA POLIETILENO ALTA DENSIDAD PE100 16/160 6', 15.56, 48),
('41036', 5, 5, 'TUBERIA POLIETILENO ALTA DENSIDAD PE100 16/180 6', 'TUBERIA POLIETILENO ALTA DENSIDAD PE100 16/180 6', 19.65, 48),
('41037', 5, 5, 'TUBERIA POLIETILENO ALTA DENSIDAD PE100 16/20 1/2', 'TUBERIA POLIETILENO ALTA DENSIDAD PE100 16/20 1/2', 0.29, 48),
('41038', 5, 5, 'TUBERIA POLIETILENO ALTA DENSIDAD PE100 16/200 8', 'TUBERIA POLIETILENO ALTA DENSIDAD PE100 16/200 8', 24.36, 48),
('41039', 5, 5, 'TUBERIA POLIETILENO ALTA DENSIDAD PE100 16/25 3/4', 'TUBERIA POLIETILENO ALTA DENSIDAD PE100 16/25 3/4', 0.41, 48),
('41040', 5, 5, 'TUBERIA POLIETILENO ALTA DENSIDAD PE100 16/250 10', 'TUBERIA POLIETILENO ALTA DENSIDAD PE100 16/250 10', 37.66, 48),
('41041', 5, 5, 'TUBERIA POLIETILENO ALTA DENSIDAD PE100 16/315 11', 'TUBERIA POLIETILENO ALTA DENSIDAD PE100 16/315 11', 62.98, 48),
('41042', 5, 5, 'TUBERIA POLIETILENO ALTA DENSIDAD PE100 16/32 1', 'TUBERIA POLIETILENO ALTA DENSIDAD PE100 16/32 1', 0.67, 48),
('41043', 5, 5, 'TUBERIA POLIETILENO ALTA DENSIDAD PE100 16/40 1 1/4', 'TUBERIA POLIETILENO ALTA DENSIDAD PE100 16/40 1 1/4', 1.02, 48),
('41044', 5, 5, 'TUBERIA POLIETILENO ALTA DENSIDAD PE100 16/400', 'TUBERIA POLIETILENO ALTA DENSIDAD PE100 16/400', 97.59, 48),
('41045', 5, 5, 'TUBERIA POLIETILENO ALTA DENSIDAD PE100 16/50 1 1/2', 'TUBERIA POLIETILENO ALTA DENSIDAD PE100 16/50 1 1/2', 1.59, 48),
('41046', 5, 5, 'TUBERIA POLIETILENO ALTA DENSIDAD PE100 16/63 2', 'TUBERIA POLIETILENO ALTA DENSIDAD PE100 16/63 2', 2.94, 48),
('41047', 5, 5, 'TUBERIA POLIETILENO ALTA DENSIDAD PE100 16/75 2 1/2', 'TUBERIA POLIETILENO ALTA DENSIDAD PE100 16/75 2 1/2', 4.17, 48),
('41048', 5, 5, 'TUBERIA POLIETILENO ALTA DENSIDAD PE100 16/90 3', 'TUBERIA POLIETILENO ALTA DENSIDAD PE100 16/90 3', 6.01, 48),
('41049', 5, 5, 'TUBO COBRE 16', 'TUBO COBRE 16', 5.87, 48),
('41050', 5, 5, 'TUBO COBRE 18', 'TUBO COBRE 18', 6.38, 48),
('41051', 5, 5, 'TUBO COBRE 22', 'TUBO COBRE 22', 8.36, 48),
('41052', 5, 5, 'TUBO COBRE 28', 'TUBO COBRE 28', 10.35, 48),
('41053', 5, 5, 'TUBO PE SANEAMIENTO CORRUGADO 160 SN-8 NEGRO', 'TUBO PE SANEAMIENTO CORRUGADO 160 SN-8 NEGRO', 3.01, 48),
('41054', 5, 5, 'TUBO PE SANEAMIENTO CORRUGADO 200 SN-8 NEGRO', 'TUBO PE SANEAMIENTO CORRUGADO 200 SN-8 NEGRO', 4.15, 48),
('41055', 5, 5, 'TUBO PE SANEAMIENTO CORRUGADO 250 SN-8 NEGRO', 'TUBO PE SANEAMIENTO CORRUGADO 250 SN-8 NEGRO', 6.16, 48),
('41056', 5, 5, 'TUBO PE SANEAMIENTO CORRUGADO 315 SN-8 NEGRO', 'TUBO PE SANEAMIENTO CORRUGADO 315 SN-8 NEGRO', 8.85, 48),
('41057', 5, 5, 'TUBO PE SANEAMIENTO CORRUGADO 400 SN-8 NEGRO', 'TUBO PE SANEAMIENTO CORRUGADO 400 SN-8 NEGRO', 14.40, 48),
('41058', 5, 5, 'TUBO PE SANEAMIENTO CORRUGADO 500 SN-8 NEGRO', 'TUBO PE SANEAMIENTO CORRUGADO 500 SN-8 NEGRO', 21.77, 48),
('41059', 5, 5, 'TUBO PE SANEAMIENTO CORRUGADO 580 SN-8 NEGRO', 'TUBO PE SANEAMIENTO CORRUGADO 580 SN-8 NEGRO', 29.22, 48),
('41060', 5, 5, 'TUBO PE SANEAMIENTO CORRUGADO 630 SN-8 NEGRO', 'TUBO PE SANEAMIENTO CORRUGADO 630 SN-8 NEGRO', 31.96, 48),
('41061', 5, 5, 'TUBO PVC SANEAMIENTO UNE 1401 160 SN4 TEJA', 'TUBO PVC SANEAMIENTO UNE 1401 160 SN4 TEJA', 4.64, 48),
('41062', 5, 5, 'TUBO PVC SANEAMIENTO UNE 1401 200 SN4 TEJA', 'TUBO PVC SANEAMIENTO UNE 1401 200 SN4 TEJA', 7.08, 48),
('41063', 5, 5, 'TUBO PVC SANEAMIENTO UNE 1401 250 SN4 TEJA', 'TUBO PVC SANEAMIENTO UNE 1401 250 SN4 TEJA', 11.25, 48),
('41064', 5, 5, 'TUBO PVC SANEAMIENTO UNE 1401 315 SN4 TEJA', 'TUBO PVC SANEAMIENTO UNE 1401 315 SN4 TEJA', 17.20, 48),
('41065', 5, 5, 'TUBO PVC SANEAMIENTO UNE 1401 400 SN4 TEJA', 'TUBO PVC SANEAMIENTO UNE 1401 400 SN4 TEJA', 28.14, 48),
('41066', 5, 5, 'TUBO PVC SANEAMIENTO UNE 1401 500 SN4 TEJA', 'TUBO PVC SANEAMIENTO UNE 1401 500 SN4 TEJA', 45.81, 48),
('41067', 5, 5, 'TUBO PVC SANEAMIENTO UNE 1401 630 SN4 TEJA', 'TUBO PVC SANEAMIENTO UNE 1401 630 SN4 TEJA', 70.91, 48),
('41068', 5, 5, 'TUBO PVC SANEAMIENTO UNE-ISO 1452 P 110 PN6 TEJA', 'TUBO PVC SANEAMIENTO UNE-ISO 1452 P 110 PN6 TEJA', 3.04, 48),
('41069', 5, 5, 'TUBO PVC SANEAMIENTO UNE-ISO 1452 P 125 PN6 TEJA', 'TUBO PVC SANEAMIENTO UNE-ISO 1452 P 125 PN6 TEJA', 3.99, 48),
('41070', 5, 5, 'TUBO UNE-EN 10255 1 1/2 ROSCADO GALVA', 'TUBO UNE-EN 10255 1 1/2 ROSCADO GALVA', 10.09, 48),
('41071', 5, 5, 'TUBO UNE-EN 10255 1 1/4 ROSCADO GALVA', 'TUBO UNE-EN 10255 1 1/4 ROSCADO GALVA', 8.75, 48),
('41072', 5, 5, 'TUBO UNE-EN 10255 1 ROSCADO GALVA', 'TUBO UNE-EN 10255 1 ROSCADO GALVA', 6.89, 48),
('41073', 5, 5, 'TUBO UNE-EN 10255 1/2 ROSCADO GALVA', 'TUBO UNE-EN 10255 1/2 ROSCADO GALVA', 3.53, 48),
('41074', 5, 5, 'TUBO UNE-EN 10255 2 ROSCADO GALVA', 'TUBO UNE-EN 10255 2 ROSCADO GALVA', 14.23, 48),
('41075', 5, 5, 'TUBO UNE-EN 10255 3/4 ROSCADO GALVA', 'TUBO UNE-EN 10255 3/4 ROSCADO GALVA', 4.42, 48);

-- Lote 12 (filas 1101 a 1200 de 1250)
INSERT INTO tbl_pres_precios (codigo, id_naturaleza, id_unidades, resumen, descripcion, coste, id_capitulo)
VALUES
('41076', 5, 2, 'TUERCA HEXAGONAL DIN934 ZINC M16', 'TUERCA HEXAGONAL DIN934 ZINC M16', 0.14, 48),
('41077', 5, 2, 'TUERCA HEXAGONAL DIN934 ZINC M20', 'TUERCA HEXAGONAL DIN934 ZINC M20', 0.27, 48),
('41078', 5, 2, 'TUERCA HEXAGONAL DIN934 ZINC M24', 'TUERCA HEXAGONAL DIN934 ZINC M24', 0.44, 48),
('41079', 5, 2, 'TUERCA HEXAGONAL DIN934 ZINC M27', 'TUERCA HEXAGONAL DIN934 ZINC M27', 0.74, 48),
('41080', 5, 2, 'TUERCA UNION LATON HH 1', 'TUERCA UNION LATON HH 1', 9.26, 48),
('41081', 5, 2, 'TUERCA UNION LATON HH 1 1/2', 'TUERCA UNION LATON HH 1 1/2', 19.63, 48),
('41082', 5, 2, 'TUERCA UNION LATON HH 1 1/4', 'TUERCA UNION LATON HH 1 1/4', 14.59, 48),
('41083', 5, 2, 'TUERCA UNION LATON HH 1/2', 'TUERCA UNION LATON HH 1/2', 4.02, 48),
('41084', 5, 2, 'TUERCA UNION LATON HH 2', 'TUERCA UNION LATON HH 2', 19.64, 48),
('41085', 5, 2, 'TUERCA UNION LATON HH 2 1/2', 'TUERCA UNION LATON HH 2 1/2', 55.85, 48),
('41086', 5, 2, 'TUERCA UNION LATON HH 3', 'TUERCA UNION LATON HH 3', 111.76, 48),
('41087', 5, 2, 'TUERCA UNION LATON HH 3/4', 'TUERCA UNION LATON HH 3/4', 7.31, 48),
('41088', 5, 2, 'TUERCA UNION LATON MH 1', 'TUERCA UNION LATON MH 1', 9.64, 48),
('41089', 5, 2, 'TUERCA UNION LATON MH 1 1/2', 'TUERCA UNION LATON MH 1 1/2', 19.49, 48),
('41090', 5, 2, 'TUERCA UNION LATON MH 1 1/4', 'TUERCA UNION LATON MH 1 1/4', 13.85, 48),
('41091', 5, 2, 'TUERCA UNION LATON MH 1/2', 'TUERCA UNION LATON MH 1/2', 4.25, 48),
('41092', 5, 2, 'TUERCA UNION LATON MH 2', 'TUERCA UNION LATON MH 2', 23.41, 48),
('41093', 5, 2, 'TUERCA UNION LATON MH 2 1/2', 'TUERCA UNION LATON MH 2 1/2', 61.31, 48),
('41094', 5, 2, 'TUERCA UNION LATON MH 3', 'TUERCA UNION LATON MH 3', 113.00, 48),
('41095', 5, 2, 'TUERCA UNION LATON MH 3/4', 'TUERCA UNION LATON MH 3/4', 7.35, 48),
('41096', 5, 2, 'UNION REPARACION C/MORDAZA TUBERIA PE Ø110', 'UNION REPARACION C/MORDAZA TUBERIA PE Ø110', 140.84, 48),
('41097', 5, 2, 'UNION REPARACION C/MORDAZA TUBERIA PE Ø125', 'UNION REPARACION C/MORDAZA TUBERIA PE Ø125', 191.24, 48),
('41098', 5, 2, 'UNION REPARACION C/MORDAZA TUBERIA PE Ø140', 'UNION REPARACION C/MORDAZA TUBERIA PE Ø140', 206.99, 48),
('41099', 5, 2, 'UNION REPARACION C/MORDAZA TUBERIA PE Ø160', 'UNION REPARACION C/MORDAZA TUBERIA PE Ø160', 291.73, 48),
('41100', 5, 2, 'UNION REPARACION C/MORDAZA TUBERIA PE Ø180', 'UNION REPARACION C/MORDAZA TUBERIA PE Ø180', 376.20, 48),
('41101', 5, 2, 'UNION REPARACION C/MORDAZA TUBERIA PE Ø200', 'UNION REPARACION C/MORDAZA TUBERIA PE Ø200', 381.24, 48),
('41102', 5, 2, 'UNION REPARACION C/MORDAZA TUBERIA PE Ø63', 'UNION REPARACION C/MORDAZA TUBERIA PE Ø63', 92.28, 48),
('41103', 5, 2, 'UNION REPARACION C/MORDAZA TUBERIA PE Ø75', 'UNION REPARACION C/MORDAZA TUBERIA PE Ø75', 99.96, 48),
('41104', 5, 2, 'UNION REPARACION C/MORDAZA TUBERIA PE Ø90', 'UNION REPARACION C/MORDAZA TUBERIA PE Ø90', 111.97, 48),
('41105', 5, 2, 'UNION UNIVERSAL GRAN TOLERANCIA 602 109-133 132-157', 'UNION UNIVERSAL GRAN TOLERANCIA 602 109-133 132-157', 161.09, 48),
('41106', 5, 2, 'UNION UNIVERSAL GRAN TOLERANCIA 602 109-133 157-183', 'UNION UNIVERSAL GRAN TOLERANCIA 602 109-133 157-183', 199.52, 48),
('41107', 5, 2, 'UNION UNIVERSAL GRAN TOLERANCIA 602 132-157 157-183', 'UNION UNIVERSAL GRAN TOLERANCIA 602 132-157 157-183', 187.06, 48),
('41108', 5, 2, 'UNION UNIVERSAL GRAN TOLERANCIA 602 157-183 176-201', 'UNION UNIVERSAL GRAN TOLERANCIA 602 157-183 176-201', 236.94, 48),
('41109', 5, 2, 'UNION UNIVERSAL GRAN TOLERANCIA 602 176-201 218-242', 'UNION UNIVERSAL GRAN TOLERANCIA 602 176-201 218-242', 297.21, 48),
('41110', 5, 2, 'UNION UNIVERSAL GRAN TOLERANCIA 602 193-215 218-242', 'UNION UNIVERSAL GRAN TOLERANCIA 602 193-215 218-242', 281.64, 48),
('41111', 5, 2, 'UNION UNIVERSAL GRAN TOLERANCIA 602 193-215 242-268', 'UNION UNIVERSAL GRAN TOLERANCIA 602 193-215 242-268', 299.81, 48),
('41112', 5, 2, 'UNION UNIVERSAL GRAN TOLERANCIA 602 46-63 68-85', 'UNION UNIVERSAL GRAN TOLERANCIA 602 46-63 68-85', 166.23, 48),
('41113', 5, 2, 'UNION UNIVERSAL GRAN TOLERANCIA 602 57-74 84-106', 'UNION UNIVERSAL GRAN TOLERANCIA 602 57-74 84-106', 163.68, 48),
('41114', 5, 2, 'UNION UNIVERSAL GRAN TOLERANCIA 602 68-85 84-106', 'UNION UNIVERSAL GRAN TOLERANCIA 602 68-85 84-106', 135.25, 48),
('41115', 5, 2, 'UNION UNIVERSAL GRAN TOLERANCIA 602 84-106 109-133', 'UNION UNIVERSAL GRAN TOLERANCIA 602 84-106 109-133', 154.84, 48),
('41116', 5, 2, 'UNION UNIVERSAL MULTIDIAMETRO DN100 109-133 PN16', 'UNION UNIVERSAL MULTIDIAMETRO DN100 109-133 PN16', 62.98, 48),
('41117', 5, 2, 'UNION UNIVERSAL MULTIDIAMETRO DN100 99-118 PN16', 'UNION UNIVERSAL MULTIDIAMETRO DN100 99-118 PN16', 60.19, 48),
('41118', 5, 2, 'UNION UNIVERSAL MULTIDIAMETRO DN125/150 133-157 PN16', 'UNION UNIVERSAL MULTIDIAMETRO DN125/150 133-157 PN16', 75.29, 48),
('41119', 5, 2, 'UNION UNIVERSAL MULTIDIAMETRO DN150 157-182 PN16', 'UNION UNIVERSAL MULTIDIAMETRO DN150 157-182 PN16', 96.93, 48),
('41120', 5, 2, 'UNION UNIVERSAL MULTIDIAMETRO DN150 177-201 PN16', 'UNION UNIVERSAL MULTIDIAMETRO DN150 177-201 PN16', 104.61, 48),
('41121', 5, 2, 'UNION UNIVERSAL MULTIDIAMETRO DN200 194-215 PN16', 'UNION UNIVERSAL MULTIDIAMETRO DN200 194-215 PN16', 107.95, 48),
('41122', 5, 2, 'UNION UNIVERSAL MULTIDIAMETRO DN200 218-242 PN16', 'UNION UNIVERSAL MULTIDIAMETRO DN200 218-242 PN16', 142.15, 48),
('41123', 5, 2, 'UNION UNIVERSAL MULTIDIAMETRO DN250 242-268 PN16', 'UNION UNIVERSAL MULTIDIAMETRO DN250 242-268 PN16', 144.99, 48),
('41124', 5, 2, 'UNION UNIVERSAL MULTIDIAMETRO DN250 266-291 PN16 ', 'UNION UNIVERSAL MULTIDIAMETRO DN250 266-291 PN16 ', 181.93, 48),
('41125', 5, 2, 'UNION UNIVERSAL MULTIDIAMETRO DN50 58-74 PN16', 'UNION UNIVERSAL MULTIDIAMETRO DN50 58-74 PN16', 42.42, 48),
('41126', 5, 2, 'UNION UNIVERSAL MULTIDIAMETRO DN60 68-84 PN16', 'UNION UNIVERSAL MULTIDIAMETRO DN60 68-84 PN16', 44.57, 48),
('41127', 5, 2, 'UNION UNIVERSAL MULTIDIAMETRO DN80 84-105 PN16', 'UNION UNIVERSAL MULTIDIAMETRO DN80 84-105 PN16', 58.26, 48),
('41128', 5, 2, 'VALVULA COMPUERTA ACOMETIDA 1 1/2 ROSCA DCHA', 'VALVULA COMPUERTA ACOMETIDA 1 1/2 ROSCA DCHA', 80.65, 48),
('41129', 5, 2, 'VALVULA COMPUERTA ACOMETIDA 1 1/4 ROSCA DCHA', 'VALVULA COMPUERTA ACOMETIDA 1 1/4 ROSCA DCHA', 78.42, 48),
('41130', 5, 2, 'VALVULA COMPUERTA ACOMETIDA 1 ROSCA DCHA', 'VALVULA COMPUERTA ACOMETIDA 1 ROSCA DCHA', 60.50, 48),
('41131', 5, 2, 'VALVULA COMPUERTA ACOMETIDA 2 ROSCA DCHA', 'VALVULA COMPUERTA ACOMETIDA 2 ROSCA DCHA', 93.94, 48),
('41132', 5, 2, 'VALVULA COMPUERTA E1 VA0013 PN16 DN100 C/CUADRADILLO', 'VALVULA COMPUERTA E1 VA0013 PN16 DN100 C/CUADRADILLO', 108.77, 48),
('41133', 5, 2, 'VALVULA COMPUERTA E1 VA0013 PN16 DN125 C/CUADRADILLO', 'VALVULA COMPUERTA E1 VA0013 PN16 DN125 C/CUADRADILLO', 175.35, 48),
('41134', 5, 2, 'VALVULA COMPUERTA E1 VA0013 PN16 DN150 C/CUADRADILLO', 'VALVULA COMPUERTA E1 VA0013 PN16 DN150 C/CUADRADILLO', 195.07, 48),
('41135', 5, 2, 'VALVULA COMPUERTA E1 VA0013 PN16 DN200 C/CUADRADILLO', 'VALVULA COMPUERTA E1 VA0013 PN16 DN200 C/CUADRADILLO', 316.55, 48),
('41136', 5, 2, 'VALVULA COMPUERTA E1 VA0013 PN16 DN250 C/CUADRADILLO', 'VALVULA COMPUERTA E1 VA0013 PN16 DN250 C/CUADRADILLO', 597.11, 48),
('41137', 5, 2, 'VALVULA COMPUERTA E1 VA0013 PN16 DN300 C/CUADRADILLO', 'VALVULA COMPUERTA E1 VA0013 PN16 DN300 C/CUADRADILLO', 771.41, 48),
('41138', 5, 2, 'VALVULA COMPUERTA E1 VA0013 PN16 DN50 C/CUADRADILLO', 'VALVULA COMPUERTA E1 VA0013 PN16 DN50 C/CUADRADILLO', 83.41, 48),
('41139', 5, 2, 'VALVULA COMPUERTA E1 VA0013 PN16 DN65 C/CUADRADILLO', 'VALVULA COMPUERTA E1 VA0013 PN16 DN65 C/CUADRADILLO', 98.12, 48),
('41140', 5, 2, 'VALVULA COMPUERTA E1 VA0013 PN16 DN80 C/CUADRADILLO', 'VALVULA COMPUERTA E1 VA0013 PN16 DN80 C/CUADRADILLO', 92.99, 48),
('41141', 5, 2, 'VALVULA DE FLOTADOR ACCION DIRECTA DN100', 'VALVULA DE FLOTADOR ACCION DIRECTA DN100', 1103.00, 48),
('41142', 5, 2, 'VALVULA DE FLOTADOR ACCION DIRECTA DN125', 'VALVULA DE FLOTADOR ACCION DIRECTA DN125', 1351.22, 48),
('41143', 5, 2, 'VALVULA DE FLOTADOR ACCION DIRECTA DN150', 'VALVULA DE FLOTADOR ACCION DIRECTA DN150', 1876.41, 48),
('41144', 5, 2, 'VALVULA DE FLOTADOR ACCION DIRECTA DN200 PN16', 'VALVULA DE FLOTADOR ACCION DIRECTA DN200 PN16', 2308.96, 48),
('41145', 5, 2, 'VALVULA DE FLOTADOR ACCION DIRECTA DN200 PN16', 'VALVULA DE FLOTADOR ACCION DIRECTA DN200 PN16', 1739.69, 48),
('41146', 5, 2, 'VALVULA DE FLOTADOR ACCION DIRECTA DN50', 'VALVULA DE FLOTADOR ACCION DIRECTA DN50', 685.88, 48),
('41147', 5, 2, 'VALVULA DE FLOTADOR ACCION DIRECTA DN65', 'VALVULA DE FLOTADOR ACCION DIRECTA DN65', 741.63, 48),
('41148', 5, 2, 'VALVULA DE FLOTADOR ACCION DIRECTA DN80', 'VALVULA DE FLOTADOR ACCION DIRECTA DN80', 985.50, 48),
('41149', 5, 2, 'VALVULA ESCUADRA ENTRADA 3/4 15MM', 'VALVULA ESCUADRA ENTRADA 3/4 15MM', 12.38, 48),
('41150', 5, 2, 'VALVULA ESCUADRA ENTRADA 7/8 13MM C/MANGUITOS', 'VALVULA ESCUADRA ENTRADA 7/8 13MM C/MANGUITOS', 12.85, 48),
('41151', 5, 2, 'VALVULA ESCUADRA SALIDA 3/4 13MM CON ANTIRRET C/MANGUITOS', 'VALVULA ESCUADRA SALIDA 3/4 13MM CON ANTIRRET C/MANGUITOS', 10.33, 48),
('41152', 5, 2, 'VALVULA REDUCTORA PRESION ACCION DIRECTA DN100 PN16', 'VALVULA REDUCTORA PRESION ACCION DIRECTA DN100 PN16', 1501.02, 48),
('41153', 5, 2, 'VALVULA REDUCTORA PRESION ACCION DIRECTA DN125 PN16', 'VALVULA REDUCTORA PRESION ACCION DIRECTA DN125 PN16', 1872.84, 48),
('41154', 5, 2, 'VALVULA REDUCTORA PRESION ACCION DIRECTA DN150 PN16', 'VALVULA REDUCTORA PRESION ACCION DIRECTA DN150 PN16', 2619.47, 48),
('41155', 5, 2, 'VALVULA REDUCTORA PRESION ACCION DIRECTA DN50 PN16', 'VALVULA REDUCTORA PRESION ACCION DIRECTA DN50 PN16', 556.12, 48),
('41156', 5, 2, 'VALVULA REDUCTORA PRESION ACCION DIRECTA DN65 PN16', 'VALVULA REDUCTORA PRESION ACCION DIRECTA DN65 PN16', 968.74, 48),
('41157', 5, 2, 'VALVULA REDUCTORA PRESION ACCION DIRECTA DN80 PN16', 'VALVULA REDUCTORA PRESION ACCION DIRECTA DN80 PN16', 1102.66, 48),
('41158', 5, 2, 'VALVULA RETENCION CLAPETA EMBRIDADA DN100', 'VALVULA RETENCION CLAPETA EMBRIDADA DN100', 137.27, 48),
('41159', 5, 2, 'VALVULA RETENCION CLAPETA EMBRIDADA DN125', 'VALVULA RETENCION CLAPETA EMBRIDADA DN125', 212.23, 48),
('41160', 5, 2, 'VALVULA RETENCION CLAPETA EMBRIDADA DN150', 'VALVULA RETENCION CLAPETA EMBRIDADA DN150', 306.84, 48),
('41161', 5, 2, 'VALVULA RETENCION CLAPETA EMBRIDADA DN50', 'VALVULA RETENCION CLAPETA EMBRIDADA DN50', 59.93, 48),
('41162', 5, 2, 'VALVULA RETENCION CLAPETA EMBRIDADA DN65', 'VALVULA RETENCION CLAPETA EMBRIDADA DN65', 89.85, 48),
('41163', 5, 2, 'VALVULA RETENCION CLAPETA EMBRIDADA DN80', 'VALVULA RETENCION CLAPETA EMBRIDADA DN80', 114.39, 48),
('41164', 5, 2, 'VALVULA RETENCION RUBER-CHECK 10 DN250 DISCO INOX 304', 'VALVULA RETENCION RUBER-CHECK 10 DN250 DISCO INOX 304', 219.12, 48),
('41165', 5, 2, 'VALVULA RETENCION RUBER-CHECK 2 1/2 DN65 DISCO INOX 304', 'VALVULA RETENCION RUBER-CHECK 2 1/2 DN65 DISCO INOX 304', 27.14, 48),
('41166', 5, 2, 'VALVULA RETENCION RUBER-CHECK 2 DN50 DISCO INOX 304', 'VALVULA RETENCION RUBER-CHECK 2 DN50 DISCO INOX 304', 23.66, 48),
('41167', 5, 2, 'VALVULA RETENCION RUBER-CHECK 3 DN80 DISCO INOX 304', 'VALVULA RETENCION RUBER-CHECK 3 DN80 DISCO INOX 304', 36.45, 48),
('41168', 5, 2, 'VALVULA RETENCION RUBER-CHECK 4 DN100 DISCO INOX 304', 'VALVULA RETENCION RUBER-CHECK 4 DN100 DISCO INOX 304', 45.38, 48),
('41169', 5, 2, 'VALVULA RETENCION RUBER-CHECK 5 DN125 DISCO INOX 304', 'VALVULA RETENCION RUBER-CHECK 5 DN125 DISCO INOX 304', 61.64, 48),
('41170', 5, 2, 'VALVULA RETENCION RUBER-CHECK 6 DN150 DISCO INOX 304', 'VALVULA RETENCION RUBER-CHECK 6 DN150 DISCO INOX 304', 89.96, 48),
('41171', 5, 2, 'VALVULA RETENCION RUBER-CHECK 8 DN200 DISCO INOX 304', 'VALVULA RETENCION RUBER-CHECK 8 DN200 DISCO INOX 304', 150.44, 48),
('41172', 5, 2, 'VALVULA RETENCION 1 1/2 PN16', 'VALVULA RETENCION 1 1/2 PN16', 13.55, 48),
('41173', 5, 2, 'VALVULA RETENCION 1 1/4 PN16', 'VALVULA RETENCION 1 1/4 PN16', 9.40, 48),
('41174', 5, 2, 'VALVULA RETENCION 1 PN16', 'VALVULA RETENCION 1 PN16', 6.38, 48),
('41175', 5, 2, 'VALVULA RETENCION 1/2 PN16', 'VALVULA RETENCION 1/2 PN16', 3.85, 48);

-- Lote 13 (filas 1201 a 1250 de 1250)
INSERT INTO tbl_pres_precios (codigo, id_naturaleza, id_unidades, resumen, descripcion, coste, id_capitulo)
VALUES
('41176', 5, 2, 'VALVULA RETENCION 2 1/2 PN16', 'VALVULA RETENCION 2 1/2 PN16', 39.19, 48),
('41177', 5, 2, 'VALVULA RETENCION 2 PN16', 'VALVULA RETENCION 2 PN16', 19.22, 48),
('41178', 5, 2, 'VALVULA RETENCION 3 PN16', 'VALVULA RETENCION 3 PN16', 55.16, 48),
('41179', 5, 2, 'VALVULA RETENCION 3/4 PN16', 'VALVULA RETENCION 3/4 PN16', 4.94, 48),
('41180', 5, 2, 'VALVULA RETENCION 4 PN16', 'VALVULA RETENCION 4 PN16', 95.22, 48),
('41181', 5, 2, 'VALVULA ARQUETA HH 1 PN50', 'VALVULA ARQUETA HH 1 PN50', 11.30, 48),
('41182', 5, 2, 'VALVULA ARQUETA HH 1 1/2 PN50', 'VALVULA ARQUETA HH 1 1/2 PN50', 24.64, 48),
('41183', 5, 2, 'VALVULA ARQUETA HH 1 1/4 PN50', 'VALVULA ARQUETA HH 1 1/4 PN50', 16.71, 48),
('41184', 5, 2, 'VALVULA ARQUETA HH 1/2  PN50', 'VALVULA ARQUETA HH 1/2  PN50', 5.41, 48),
('41185', 5, 2, 'VALVULA ARQUETA HH 2 PN50', 'VALVULA ARQUETA HH 2 PN50', 36.26, 48),
('41186', 5, 2, 'VALVULA ARQUETA HH 2 1/2 PN50 ', 'VALVULA ARQUETA HH 2 1/2 PN50 ', 66.18, 48),
('41187', 5, 2, 'VALVULA ARQUETA HH 3/4  PN50', 'VALVULA ARQUETA HH 3/4  PN50', 7.53, 48),
('41188', 5, 2, 'VARILLA ROSCADA DIN975 INOX A2 M16X1000 ', 'VARILLA ROSCADA DIN975 INOX A2 M16X1000 ', 11.50, 48),
('41189', 5, 2, 'VARILLA ROSCADA DIN975 INOX A2 M20X1000 ', 'VARILLA ROSCADA DIN975 INOX A2 M20X1000 ', 17.28, 48),
('41190', 5, 2, 'VARILLA ROSCADA DIN975 INOX A2 M24X1000 ', 'VARILLA ROSCADA DIN975 INOX A2 M24X1000 ', 23.51, 48),
('41191', 5, 2, 'VARILLA ROSCADA DIN975 ZINC M16X1000', 'VARILLA ROSCADA DIN975 ZINC M16X1000', 3.38, 48),
('41192', 5, 2, 'VARILLA ROSCADA DIN975 ZINC M20X1000', 'VARILLA ROSCADA DIN975 ZINC M20X1000', 5.43, 48),
('41193', 5, 2, 'VARILLA ROSCADA DIN975 ZINC M24X1000', 'VARILLA ROSCADA DIN975 ZINC M24X1000', 9.16, 48),
('41194', 5, 2, 'VENTOSA TRIFUNCIONAL 1 ROSCA M PN16', 'VENTOSA TRIFUNCIONAL 1 ROSCA M PN16', 122.90, 48),
('41195', 5, 2, 'VENTOSA TRIFUNCIONAL 2 ROSCA M PN16', 'VENTOSA TRIFUNCIONAL 2 ROSCA M PN16', 191.05, 48),
('41196', 5, 2, 'VENTOSA TRIFUNCIONAL DN100 BRIDA PN16', 'VENTOSA TRIFUNCIONAL DN100 BRIDA PN16', 697.95, 48),
('41197', 5, 2, 'VENTOSA TRIFUNCIONAL DN50 BRIDA PN16', 'VENTOSA TRIFUNCIONAL DN50 BRIDA PN16', 220.16, 48),
('41198', 5, 2, 'VENTOSA TRIFUNCIONAL DN65 BRIDA PN16', 'VENTOSA TRIFUNCIONAL DN65 BRIDA PN16', 276.15, 48),
('41199', 5, 2, 'VENTOSA TRIFUNCIONAL DN80 BRIDA PN16', 'VENTOSA TRIFUNCIONAL DN80 BRIDA PN16', 428.35, 48),
('41200', 5, 2, 'VENTOSA TRIFUNCIONAL DN150 BRIDA PN16', 'VENTOSA TRIFUNCIONAL DN150 BRIDA PN16', 1828.06, 48),
('50001', 5, 2, 'CONTADOR AGUA FRIA VELOCIDAD 13MM 2,5M3/H R100 PRE-EQUIPADO', 'CONTADOR AGUA FRIA VELOCIDAD 13MM 2,5M3/H R100 PRE-EQUIPADO', 11.49, 49),
('50002', 5, 2, 'CONTADOR AGUA FRIA VELOCIDAD. 13-15MM 2,5M3/H R200 WIRELESS M-Bus OMS/LoRa INTEGRADO', 'CONTADOR AGUA FRIA VELOCIDAD. 13-15MM 2,5M3/H R200 WIRELESS M-Bus OMS/LoRa INTEGRADO', 58.57, 49),
('50003', 5, 2, 'CONTADOR AGUA FRIA VOLUM. 15MM 2,5M3/H R500 PRE-EQUIPADO', 'CONTADOR AGUA FRIA VOLUM. 15MM 2,5M3/H R500 PRE-EQUIPADO', 17.50, 49),
('50004', 5, 2, 'CONTADOR AGUA FRIA VOLUM. 20MM 4,0M3/H R500 PRE-EQUIPADO', 'CONTADOR AGUA FRIA VOLUM. 20MM 4,0M3/H R500 PRE-EQUIPADO', 31.71, 49),
('50005', 5, 2, 'CONTADOR AGUA FRIA VOLUM. 25MM 6,3M3/H R500 PRE-EQUIPADO', 'CONTADOR AGUA FRIA VOLUM. 25MM 6,3M3/H R500 PRE-EQUIPADO', 74.05, 49),
('50006', 5, 2, 'CONTADOR AGUA FRIA VOLUM. 30MM 10,0M3/H R500 PRE-EQUIPADO', 'CONTADOR AGUA FRIA VOLUM. 30MM 10,0M3/H R500 PRE-EQUIPADO', 112.33, 49),
('50007', 5, 2, 'CONTADOR AGUA FRIA VOLUM. 40MM 16,0M3/H R500 PRE-EQUIPADO', 'CONTADOR AGUA FRIA VOLUM. 40MM 16,0M3/H R500 PRE-EQUIPADO', 135.75, 49),
('50008', 5, 2, 'CONTADOR AGUA FRIA VOLUM. 13-15MM 2,5M3/H R500 WIRELESS M-Bus OMS/LoRa INTEGRADO', 'CONTADOR AGUA FRIA VOLUM. 13-15MM 2,5M3/H R500 WIRELESS M-Bus OMS/LoRa INTEGRADO', 54.48, 49),
('50009', 5, 2, 'CONTADOR AGUA FRIA VOLUM. 20MM 4,0M3/H R500 WIRELESS M-Bus OMS/LoRa INTEGRADO', 'CONTADOR AGUA FRIA VOLUM. 20MM 4,0M3/H R500 WIRELESS M-Bus OMS/LoRa INTEGRADO', 66.67, 49),
('50010', 5, 2, 'CONTADOR AGUA FRIA 100MM WOLTMANN EMBRIDADO+VERIFICACION R100', 'CONTADOR AGUA FRIA 100MM WOLTMANN EMBRIDADO+VERIFICACION R100', 233.01, 49),
('50011', 5, 2, 'CONTADOR AGUA FRIA 125MM WOLTMANN EMBRIDADO+VERIFICACION R100', 'CONTADOR AGUA FRIA 125MM WOLTMANN EMBRIDADO+VERIFICACION R100', 291.22, 49),
('50012', 5, 2, 'CONTADOR AGUA FRIA 150MM WOLTMANN EMBRIDADO+VERIFICACION R100', 'CONTADOR AGUA FRIA 150MM WOLTMANN EMBRIDADO+VERIFICACION R100', 385.63, 49),
('50013', 5, 2, 'CONTADOR AGUA FRIA 200MM WOLTMANN EMBRIDADO+VERIFICACION R100', 'CONTADOR AGUA FRIA 200MM WOLTMANN EMBRIDADO+VERIFICACION R100', 573.08, 49),
('50014', 5, 2, 'CONTADOR AGUA FRIA 50MM WOLTMANN EMBRIDADO+VERIFICACION R100', 'CONTADOR AGUA FRIA 50MM WOLTMANN EMBRIDADO+VERIFICACION R100', 149.89, 49),
('50015', 5, 2, 'CONTADOR AGUA FRIA 65MM WOLTMANN EMBRIDADO+VERIFICACION R100', 'CONTADOR AGUA FRIA 65MM WOLTMANN EMBRIDADO+VERIFICACION R100', 175.26, 49),
('50016', 5, 2, 'CONTADOR AGUA FRIA 80MM WOLTMANN EMBRIDADO+VERIFICACION R100', 'CONTADOR AGUA FRIA 80MM WOLTMANN EMBRIDADO+VERIFICACION R100', 199.68, 49),
('50017', 5, 2, 'CONTADOR ULTRASONIDOS DN40 Q3-40M3/H R500 PN16 300MM', 'CONTADOR ULTRASONIDOS DN40 Q3-40M3/H R500 PN16 300MM', 520.23, 49),
('50018', 5, 2, 'CONTADOR ULTRASONIDOS DN50 Q3-40M³/H R500 PN16 200MM', 'CONTADOR ULTRASONIDOS DN50 Q3-40M³/H R500 PN16 200MM', 620.28, 49),
('50019', 5, 2, 'CONTADOR ULTRASONIDOS DN65 Q3-40M³/H R500 PN16 200MM', 'CONTADOR ULTRASONIDOS DN65 Q3-40M³/H R500 PN16 200MM', 788.92, 49),
('50020', 5, 2, 'CONTADOR ULTRASONIDOS DN80 Q3-63M3/H R500 PN16 225MM', 'CONTADOR ULTRASONIDOS DN80 Q3-63M3/H R500 PN16 225MM', 877.67, 49),
('50021', 5, 2, 'CONTADOR ULTRASONIDOS DN100 Q3-100M3/H R500 PN16 250MM', 'CONTADOR ULTRASONIDOS DN100 Q3-100M3/H R500 PN16 250MM', 1125.93, 49),
('50022', 5, 2, 'CONTADOR ULTRASONIDOS DN150 Q3-250M3/H R500 PN16 300MM', 'CONTADOR ULTRASONIDOS DN150 Q3-250M3/H R500 PN16 300MM', 1413.36, 49),
('50023', 5, 2, 'CONTADOR ULTRASONIDOS DN200 Q3-400M3/H R500 PN16 350MM', 'CONTADOR ULTRASONIDOS DN200 Q3-400M3/H R500 PN16 350MM', 1604.36, 49),
('50024', 5, 2, 'MÓDULO RADIO  MULTIPROTOCOLO LoRaWAN + Wireless M-Bus', 'MÓDULO RADIO  MULTIPROTOCOLO LoRaWAN + Wireless M-Bus', 39.11, 49),
('1000001', 2, 7, 'REMOLQUE DE DESATASCO', 'REMOLQUE DE DESATASCO', 40.00, 50);

-- =====================================================
-- FIN DEL SCRIPT
-- =====================================================
